file_path,file_type,purpose,keyword_count,keywords
"C:\Users\sydne\OneDrive\myprojectx - Copy\_archive\reports\NEW_STRATEGY_CANDIDATES.md",".md","Unknown",16,"0030;2300;ASIA;BIAS;CONDITION;FADE;FILTER;LIQUIDITY;NIGHT;OVERNIGHT;RANGE;REJECTION;SESSION;SWEEP;VOLATILITY;WINDOW"
"C:\Users\sydne\OneDrive\myprojectx - Copy\_archive\reports\STRATEGY_DISCOVERY_LOGIC.md",".md","Unknown",16,"0030;2300;ASIA;BIAS;CONDITION;FADE;FILTER;LIQUIDITY;NIGHT;ORB_SIZE;RANGE;REJECTION;SESSION;SWEEP;VOLATILITY;WINDOW"
"C:\Users\sydne\OneDrive\myprojectx - Copy\_archive\reports\TRADING_PLAYBOOK_COMPLETE.md",".md","Unknown",16,"0030;2300;ASIA;BIAS;CONDITION;EXTENDED;FILTER;LIQUIDITY;NIGHT;ORB_SIZE;OVERNIGHT;RANGE;SESSION;SWEEP;VOLATILITY;WINDOW"
"C:\Users\sydne\OneDrive\myprojectx - Copy\_archive\reports\_OUTDATED_TIERED_PLAYBOOK_COMPLETE_JAN14.md",".md","Unknown",15,"0030;2300;ASIA;BIAS;CONDITION;FILTER;LIQUIDITY;NIGHT;ORB_SIZE;OVERNIGHT;RANGE;SESSION;SWEEP;VOLATILITY;WINDOW"
"C:\Users\sydne\OneDrive\myprojectx - Copy\_archive\notes\nextsteps.txt",".txt","Unknown",14,"0030;2300;ASIA;BIAS;CONDITION;FADE;LIQUIDITY;NIGHT;RANGE;REJECTION;SESSION;SWEEP;VOLATILITY;WINDOW"
"C:\Users\sydne\OneDrive\myprojectx - Copy\_archive\reports\EDGE_DISCOVERY_PLAYBOOK.md",".md","Edge Discovery",14,"0030;2300;ASIA;BIAS;CONDITION;FILTER;LIQUIDITY;ORB_SIZE;RANGE;REJECTION;SESSION;SWEEP;VOLATILITY;WINDOW"
"C:\Users\sydne\OneDrive\myprojectx - Copy\_archive\reports\DISCOVERY_FRAMEWORK_COMPLETE.md",".md","Unknown",13,"0030;2300;ASIA;BIAS;CONDITION;FILTER;LIQUIDITY;NIGHT;RANGE;REJECTION;SESSION;SWEEP;VOLATILITY"
"C:\Users\sydne\OneDrive\myprojectx - Copy\_archive\reports\STRATEGY_TRANSFERABILITY_ANALYSIS.md",".md","Analysis",13,"0030;2300;ASIA;BIAS;EXTENDED;FILTER;LIQUIDITY;OVERNIGHT;RANGE;REJECTION;SESSION;SWEEP;VOLATILITY"
"C:\Users\sydne\OneDrive\myprojectx - Copy\_archive\reports\TRADING_RULESET_CANONICAL.md",".md","Unknown",13,"0030;2300;ASIA;BIAS;FILTER;LIQUIDITY;NIGHT;ORB_SIZE;OVERNIGHT;RANGE;REJECTION;SESSION;SWEEP"
"C:\Users\sydne\OneDrive\myprojectx2\docs\UNICORN_SETUPS_CORRECTED.md",".md","Setup/Config",12,"0030;2300;ASIA;EXTENDED;FILTER;LIQUIDITY;NIGHT;OVERNIGHT;RANGE;SESSION;SWEEP;WINDOW"
"C:\Users\sydne\OneDrive\myprojectx2\research\nq\NQ_VALIDATION_PLAN.md",".md","Validation",12,"0030;2300;ASIA;BIAS;FILTER;LIQUIDITY;ORB_SIZE;RANGE;SESSION;SWEEP;VOLATILITY;WINDOW"
"C:\Users\sydne\OneDrive\myprojectx2\strategies\validated_strategies.py",".py","Validation",12,"0030;2300;ASIA;EXTENDED;FILTER;LIQUIDITY;NIGHT;OVERNIGHT;RANGE;SESSION;SWEEP;WINDOW"
"C:\Users\sydne\OneDrive\myprojectx2\trading_app\strategy_engine.py",".py","Unknown",12,"0030;2300;ASIA;BIAS;FILTER;LIQUIDITY;NIGHT;ORB_SIZE;RANGE;SESSION;SWEEP;WINDOW"
"C:\Users\sydne\OneDrive\myprojectx - Copy\UNICORN_SETUPS_CORRECTED.md",".md","Setup/Config",12,"0030;2300;ASIA;EXTENDED;FILTER;LIQUIDITY;NIGHT;OVERNIGHT;RANGE;SESSION;SWEEP;WINDOW"
"C:\Users\sydne\OneDrive\myprojectx - Copy\validated_strategies.py",".py","Validation",12,"0030;2300;ASIA;EXTENDED;FILTER;LIQUIDITY;NIGHT;OVERNIGHT;RANGE;SESSION;SWEEP;WINDOW"
"C:\Users\sydne\OneDrive\myprojectx - Copy\NQ\NQ_VALIDATION_PLAN.md",".md","Validation",12,"0030;2300;ASIA;BIAS;FILTER;LIQUIDITY;ORB_SIZE;RANGE;SESSION;SWEEP;VOLATILITY;WINDOW"
"C:\Users\sydne\OneDrive\myprojectx - Copy\_archive\experiments\0030_phase1_behavior_mapping.py",".py","Unknown",12,"0030;2300;ASIA;BIAS;FADE;LIQUIDITY;OVERNIGHT;RANGE;REJECTION;SESSION;SWEEP;VOLATILITY"
"C:\Users\sydne\OneDrive\myprojectx - Copy\_archive\notes\anomolies.txt",".txt","Unknown",12,"ASIA;BIAS;CONDITION;FADE;FILTER;ORB_SIZE;RANGE;REJECTION;SESSION;SWEEP;VOLATILITY;WINDOW"
"C:\Users\sydne\OneDrive\myprojectx - Copy\_archive\reports\ANOMALY_FILTER_REPORT_VERIFIED.md",".md","Filter",12,"0030;2300;BIAS;CONDITION;EXTENDED;FILTER;NIGHT;ORB_SIZE;RANGE;REJECTION;SESSION;VOLATILITY"
"C:\Users\sydne\OneDrive\myprojectx - Copy\_archive\reports\SESSION_CONDITIONAL_EXPECTANCY_REPORT.md",".md","Unknown",12,"0030;2300;ASIA;BIAS;CONDITION;FADE;FILTER;RANGE;REJECTION;SESSION;SWEEP;WINDOW"
"C:\Users\sydne\OneDrive\myprojectx - Copy\_archive\reports\TRADING_APP_VISUAL_GUIDE.md",".md","Unknown",12,"0030;2300;ASIA;FILTER;LIQUIDITY;NIGHT;RANGE;REJECTION;SESSION;SWEEP;VOLATILITY;WINDOW"
"C:\Users\sydne\OneDrive\myprojectx2\README.md",".md","Unknown",11,"0030;2300;ASIA;BIAS;EXTENDED;FADE;FILTER;RANGE;SESSION;SWEEP;WINDOW"
"C:\Users\sydne\OneDrive\myprojectx2\docs\README.md",".md","Unknown",11,"0030;2300;ASIA;BIAS;EXTENDED;FADE;FILTER;RANGE;SESSION;SWEEP;WINDOW"
"C:\Users\sydne\OneDrive\myprojectx2\docs\TERMINOLOGY_EXPLAINED.md",".md","Unknown",11,"ASIA;CONDITION;FADE;FILTER;LIQUIDITY;NIGHT;RANGE;SESSION;SWEEP;VOLATILITY;WINDOW"
"C:\Users\sydne\OneDrive\myprojectx2\trading_app\mobile_ui.py",".py","Unknown",11,"0030;2300;ASIA;BIAS;CONDITION;FILTER;ORB_SIZE;RANGE;SESSION;VOLATILITY;WINDOW"
"C:\Users\sydne\OneDrive\myprojectx - Copy\TERMINOLOGY_EXPLAINED.md",".md","Unknown",11,"ASIA;CONDITION;FADE;FILTER;LIQUIDITY;NIGHT;RANGE;SESSION;SWEEP;VOLATILITY;WINDOW"
"C:\Users\sydne\OneDrive\myprojectx - Copy\trading_app\live_trading_dashboard.py",".py","Unknown",11,"0030;2300;ASIA;BIAS;FILTER;NIGHT;ORB_SIZE;RANGE;SESSION;VOLATILITY;WINDOW"
"C:\Users\sydne\OneDrive\myprojectx - Copy\trading_app\strategy_engine.py",".py","Unknown",11,"0030;2300;ASIA;FILTER;LIQUIDITY;NIGHT;ORB_SIZE;RANGE;SESSION;SWEEP;WINDOW"
"C:\Users\sydne\OneDrive\myprojectx - Copy\_archive\reports\0030_SESSION_DISCOVERY_FINAL_REPORT.md",".md","Unknown",11,"0030;2300;ASIA;FADE;FILTER;LIQUIDITY;RANGE;REJECTION;SESSION;SWEEP;VOLATILITY"
"C:\Users\sydne\OneDrive\myprojectx - Copy\_archive\reports\1800_RESEARCH_FINDINGS.md",".md","Unknown",11,"0030;2300;ASIA;FADE;FILTER;LIQUIDITY;NIGHT;RANGE;REJECTION;SESSION;VOLATILITY"
"C:\Users\sydne\OneDrive\myprojectx - Copy\_archive\reports\ANOMALY_FILTER_REPORT.md",".md","Filter",11,"0030;2300;ASIA;CONDITION;FILTER;NIGHT;ORB_SIZE;RANGE;SESSION;SWEEP;VOLATILITY"
"C:\Users\sydne\OneDrive\myprojectx - Copy\_archive\reports\CASCADE_PATTERN_RECOGNITION.md",".md","Unknown",11,"ASIA;BIAS;CONDITION;FILTER;LIQUIDITY;OVERNIGHT;RANGE;SESSION;SWEEP;VOLATILITY;WINDOW"
"C:\Users\sydne\OneDrive\myprojectx - Copy\_archive\reports\COMPLETE_NON_DESTRUCTIVE_AUDIT.md",".md","Audit",11,"0030;2300;ASIA;BIAS;CONDITION;FILTER;LIQUIDITY;ORB_SIZE;SESSION;SWEEP;VOLATILITY"
"C:\Users\sydne\OneDrive\myprojectx - Copy\_archive\reports\HOW_TO_TRADE_LONDON.md",".md","Unknown",11,"0030;2300;ASIA;BIAS;CONDITION;EXTENDED;FADE;FILTER;RANGE;SWEEP;VOLATILITY"
"C:\Users\sydne\OneDrive\myprojectx - Copy\_archive\reports\LAGGED_FEATURES_TEST_RESULTS.md",".md","Feature Engineering",11,"0030;2300;ASIA;CONDITION;FILTER;LIQUIDITY;NIGHT;RANGE;SESSION;SWEEP;WINDOW"
"C:\Users\sydne\OneDrive\myprojectx - Copy\_archive\reports\STRATEGY_HIERARCHY_FINAL.md",".md","Unknown",11,"0030;2300;ASIA;BIAS;FILTER;LIQUIDITY;NIGHT;OVERNIGHT;SESSION;SWEEP;WINDOW"
"C:\Users\sydne\OneDrive\myprojectx2\data\outputs\NQ_MASSIVE_REPORT.md",".md","Unknown",10,"0030;ASIA;BIAS;FILTER;LIQUIDITY;OVERNIGHT;RANGE;SESSION;VOLATILITY;WINDOW"
"C:\Users\sydne\OneDrive\myprojectx2\data\outputs\NQ_PORT_COMPLETE.md",".md","Unknown",10,"0030;2300;ASIA;FILTER;LIQUIDITY;NIGHT;OVERNIGHT;RANGE;SESSION;VOLATILITY"
"C:\Users\sydne\OneDrive\myprojectx2\docs\technical\README_STREAMLIT.md",".md","Unknown",10,"0030;2300;ASIA;CONDITION;FILTER;RANGE;REJECTION;SESSION;VOLATILITY;WINDOW"
"C:\Users\sydne\OneDrive\myprojectx2\research\ede\README.md",".md","Unknown",10,"ASIA;BIAS;CONDITION;FADE;GATE;RANGE;SESSION;SWEEP;VOLATILITY;WINDOW"
"C:\Users\sydne\OneDrive\myprojectx2\research\nq\NQ_OPTIMAL_CONFIG.md",".md","Unknown",10,"0030;2300;ASIA;FILTER;LIQUIDITY;NIGHT;ORB_SIZE;OVERNIGHT;SWEEP;VOLATILITY"
"C:\Users\sydne\OneDrive\myprojectx2\trading_app\app_trading_hub.py",".py","Unknown",10,"0030;2300;ASIA;FILTER;LIQUIDITY;NIGHT;ORB_SIZE;RANGE;SESSION;WINDOW"
"C:\Users\sydne\OneDrive\myprojectx2\trading_app\config.py",".py","Unknown",10,"0030;2300;ASIA;EXTENDED;FILTER;LIQUIDITY;NIGHT;OVERNIGHT;SESSION;WINDOW"
"C:\Users\sydne\OneDrive\myprojectx - Copy\app_trading_hub.py",".py","Unknown",10,"0030;2300;ASIA;BIAS;FILTER;NIGHT;RANGE;SESSION;VOLATILITY;WINDOW"
"C:\Users\sydne\OneDrive\myprojectx - Copy\README_STREAMLIT.md",".md","Unknown",10,"0030;2300;ASIA;CONDITION;FILTER;RANGE;REJECTION;SESSION;VOLATILITY;WINDOW"
"C:\Users\sydne\OneDrive\myprojectx - Copy\UNICORN_TRADES_INVENTORY.md",".md","Unknown",10,"ASIA;BIAS;FILTER;LIQUIDITY;NIGHT;RANGE;SESSION;SWEEP;VOLATILITY;WINDOW"
"C:\Users\sydne\OneDrive\myprojectx - Copy\NQ\NQ_OPTIMAL_CONFIG.md",".md","Unknown",10,"0030;2300;ASIA;FILTER;LIQUIDITY;NIGHT;ORB_SIZE;OVERNIGHT;SWEEP;VOLATILITY"
"C:\Users\sydne\OneDrive\myprojectx - Copy\outputs\NQ_MASSIVE_REPORT.md",".md","Unknown",10,"0030;ASIA;BIAS;FILTER;LIQUIDITY;OVERNIGHT;RANGE;SESSION;VOLATILITY;WINDOW"
"C:\Users\sydne\OneDrive\myprojectx - Copy\outputs\NQ_PORT_COMPLETE.md",".md","Unknown",10,"0030;2300;ASIA;FILTER;LIQUIDITY;NIGHT;OVERNIGHT;RANGE;SESSION;VOLATILITY"
"C:\Users\sydne\OneDrive\myprojectx - Copy\trading_app\trading_dashboard_pro.py",".py","Unknown",10,"0030;2300;ASIA;FILTER;LIQUIDITY;NIGHT;ORB_SIZE;RANGE;SESSION;WINDOW"
"C:\Users\sydne\OneDrive\myprojectx - Copy\_archive\notes\sessiondiscovery.txt",".txt","Unknown",10,"0030;ASIA;CONDITION;FADE;FILTER;LIQUIDITY;RANGE;REJECTION;SESSION;SWEEP"
"C:\Users\sydne\OneDrive\myprojectx - Copy\_archive\reports\COMPLETE_STRATEGIES_MASTER_INVENTORY.md",".md","Unknown",10,"0030;2300;ASIA;BIAS;CONDITION;FILTER;LIQUIDITY;ORB_SIZE;SESSION;VOLATILITY"
"C:\Users\sydne\OneDrive\myprojectx - Copy\_archive\reports\DAY_STATE_FEATURE_SPEC.md",".md","Feature Engineering",10,"0030;2300;ASIA;BIAS;EXTENDED;RANGE;REJECTION;SESSION;SWEEP;WINDOW"
"C:\Users\sydne\OneDrive\myprojectx - Copy\_archive\reports\FILTER_IMPLEMENTATION_COMPLETE.md",".md","Filter",10,"0030;2300;ASIA;BIAS;FILTER;ORB_SIZE;RANGE;REJECTION;VOLATILITY;WINDOW"
"C:\Users\sydne\OneDrive\myprojectx - Copy\_archive\reports\LOOKAHEAD_BIAS_VERIFICATION.md",".md","Unknown",10,"ASIA;BIAS;FILTER;LIQUIDITY;RANGE;REJECTION;SESSION;SWEEP;VOLATILITY;WINDOW"
"C:\Users\sydne\OneDrive\myprojectx - Copy\_archive\reports\SESSION_CONDITIONAL_EXPECTANCY_REPORT_FINAL.md",".md","Unknown",10,"0030;2300;ASIA;BIAS;CONDITION;FADE;FILTER;RANGE;SESSION;SWEEP"
"C:\Users\sydne\OneDrive\myprojectx2\CHATGPT_TRADING_GUIDE.md",".md","Unknown",9,"0030;2300;EXTENDED;FILTER;NIGHT;OVERNIGHT;RANGE;SESSION;WINDOW"
"C:\Users\sydne\OneDrive\myprojectx2\docs\SCAN_WINDOW_BUG_FIX_SUMMARY.md",".md","Unknown",9,"0030;2300;ASIA;EXTENDED;LIQUIDITY;NIGHT;OVERNIGHT;SESSION;WINDOW"
"C:\Users\sydne\OneDrive\myprojectx2\docs\archive\CHART_ANALYSIS_FEATURE.md",".md","Analysis",9,"0030;2300;ASIA;FILTER;ORB_SIZE;RANGE;SESSION;VOLATILITY;WINDOW"
"C:\Users\sydne\OneDrive\myprojectx2\docs\archive\GAP_RESEARCH_COMPLETE.md",".md","Unknown",9,"ASIA;FADE;FILTER;LIQUIDITY;OVERNIGHT;RANGE;REJECTION;SESSION;VOLATILITY"
"C:\Users\sydne\OneDrive\myprojectx2\docs\archive\MOBILE_APP_README.md",".md","Unknown",9,"0030;2300;ASIA;BIAS;FILTER;GATE;RANGE;SESSION;WINDOW"
"C:\Users\sydne\OneDrive\myprojectx2\docs\guides\CHATGPT_TRADING_GUIDE.md",".md","Unknown",9,"0030;2300;EXTENDED;FILTER;NIGHT;OVERNIGHT;RANGE;SESSION;WINDOW"
"C:\Users\sydne\OneDrive\myprojectx2\strategies\execution_engine.py",".py","Unknown",9,"0030;2300;ASIA;EXTENDED;FILTER;NIGHT;OVERNIGHT;SESSION;WINDOW"
"C:\Users\sydne\OneDrive\myprojectx2\strategies\populate_validated_setups.py",".py","Validation",9,"0030;2300;ASIA;EXTENDED;FILTER;NIGHT;OVERNIGHT;SESSION;WINDOW"
"C:\Users\sydne\OneDrive\myprojectx2\trading_app\csv_chart_analyzer.py",".py","Analysis",9,"0030;2300;ASIA;FILTER;ORB_SIZE;RANGE;SESSION;VOLATILITY;WINDOW"
"C:\Users\sydne\OneDrive\myprojectx2\trading_app\market_intelligence.py",".py","Unknown",9,"0030;2300;ASIA;FILTER;ORB_SIZE;RANGE;SESSION;VOLATILITY;WINDOW"
"C:\Users\sydne\OneDrive\myprojectx - Copy\execution_engine.py",".py","Unknown",9,"0030;2300;ASIA;EXTENDED;FILTER;NIGHT;OVERNIGHT;SESSION;WINDOW"
"C:\Users\sydne\OneDrive\myprojectx - Copy\SCAN_WINDOW_BUG_FIX_SUMMARY.md",".md","Unknown",9,"0030;2300;ASIA;EXTENDED;LIQUIDITY;NIGHT;OVERNIGHT;SESSION;WINDOW"
"C:\Users\sydne\OneDrive\myprojectx - Copy\trading_app\app_trading_hub.py",".py","Unknown",9,"0030;2300;ASIA;FILTER;NIGHT;ORB_SIZE;RANGE;SESSION;WINDOW"
"C:\Users\sydne\OneDrive\myprojectx - Copy\trading_app\config.py",".py","Unknown",9,"0030;2300;ASIA;FILTER;LIQUIDITY;NIGHT;ORB_SIZE;SESSION;WINDOW"
"C:\Users\sydne\OneDrive\myprojectx - Copy\_archive\notes\claude_cmd_history.txt",".txt","Unknown",9,"0030;2300;ASIA;BIAS;ORB_SIZE;RANGE;SESSION;SWEEP;WINDOW"
"C:\Users\sydne\OneDrive\myprojectx - Copy\_archive\reports\1800_RESEARCH_SCRUTINY.md",".md","Unknown",9,"0030;2300;BIAS;FILTER;RANGE;SESSION;SWEEP;VOLATILITY;WINDOW"
"C:\Users\sydne\OneDrive\myprojectx - Copy\_archive\reports\EXECUTION_LOGIC_AUDIT.md",".md","Audit",9,"0030;2300;ASIA;BIAS;EXTENDED;FILTER;RANGE;SESSION;SWEEP"
"C:\Users\sydne\OneDrive\myprojectx - Copy\_archive\reports\FINAL_STATUS_REPORT.md",".md","Unknown",9,"0030;2300;EXTENDED;FILTER;RANGE;SESSION;SWEEP;VOLATILITY;WINDOW"
"C:\Users\sydne\OneDrive\myprojectx - Copy\_archive\reports\LONDON_PRIOR_INVENTORY_RESULTS.md",".md","Unknown",9,"0030;2300;ASIA;CONDITION;FADE;FILTER;LIQUIDITY;SESSION;SWEEP"
"C:\Users\sydne\OneDrive\myprojectx - Copy\_archive\reports\ORB_STRUCTURAL_FINDINGS.md",".md","Unknown",9,"2300;BIAS;FADE;FILTER;RANGE;REJECTION;SESSION;VOLATILITY;WINDOW"
"C:\Users\sydne\OneDrive\myprojectx - Copy\_archive\reports\START_HERE_TRADING_SYSTEM.md",".md","Unknown",9,"ASIA;BIAS;LIQUIDITY;NIGHT;OVERNIGHT;RANGE;SESSION;SWEEP;WINDOW"
"C:\Users\sydne\OneDrive\myprojectx - Copy\_archive\tests\test_unified_liquidity_framework.py",".py","Test",9,"0030;2300;EXTENDED;LIQUIDITY;RANGE;SESSION;SWEEP;VOLATILITY;WINDOW"
"C:\Users\sydne\OneDrive\myprojectx2\data\outputs\NQ_SESSION_DEPENDENCIES_REPORT.md",".md","Unknown",8,"0030;ASIA;BIAS;CONDITION;FILTER;RANGE;SESSION;VOLATILITY"
"C:\Users\sydne\OneDrive\myprojectx2\data\outputs\NQ_VS_MGC_COMPARISON.md",".md","Unknown",8,"0030;2300;ASIA;FILTER;LIQUIDITY;OVERNIGHT;RANGE;SESSION"
"C:\Users\sydne\OneDrive\myprojectx2\docs\PROJECT_STRUCTURE.md",".md","Unknown",8,"0030;2300;ASIA;EXTENDED;NIGHT;OVERNIGHT;SESSION;WINDOW"
"C:\Users\sydne\OneDrive\myprojectx2\docs\audit\AUDIT_STATUS_JAN17.md",".md","Audit",8,"0030;2300;ASIA;BIAS;FILTER;LIQUIDITY;RANGE;SESSION"
"C:\Users\sydne\OneDrive\myprojectx2\ml\training\prepare_training_data.py",".py","Unknown",8,"0030;2300;ASIA;FILTER;ORB_SIZE;RANGE;SESSION;WINDOW"
"C:\Users\sydne\OneDrive\myprojectx2\research\nq\NQ_INTEGRATION_STATUS.md",".md","Unknown",8,"0030;2300;ASIA;FILTER;LIQUIDITY;RANGE;SESSION;VOLATILITY"
"C:\Users\sydne\OneDrive\myprojectx2\research\scripts\research_1800_any_edges.py",".py","Edge Discovery",8,"ASIA;FADE;FILTER;ORB_SIZE;RANGE;REJECTION;SESSION;SWEEP"
"C:\Users\sydne\OneDrive\myprojectx2\workflow\daily_alerts.py",".py","Unknown",8,"0030;2300;ASIA;BIAS;CONDITION;FILTER;RANGE;SESSION"
"C:\Users\sydne\OneDrive\myprojectx - Copy\app_edge_research.py",".py","Edge Discovery",8,"ASIA;FILTER;ORB_SIZE;RANGE;REJECTION;SESSION;VOLATILITY;WINDOW"
"C:\Users\sydne\OneDrive\myprojectx - Copy\daily_alerts.py",".py","Unknown",8,"0030;2300;ASIA;BIAS;CONDITION;FILTER;RANGE;SESSION"
"C:\Users\sydne\OneDrive\myprojectx - Copy\README.md",".md","Unknown",8,"0030;2300;ASIA;BIAS;FILTER;RANGE;SESSION;SWEEP"
"C:\Users\sydne\OneDrive\myprojectx - Copy\test_all_orbs_extended.py",".py","Test",8,"0030;2300;ASIA;EXTENDED;NIGHT;ORB_SIZE;SESSION;WINDOW"
"C:\Users\sydne\OneDrive\myprojectx - Copy\UNIFIED_APP_ARCHITECTURE.md",".md","Unknown",8,"2300;ASIA;BIAS;FILTER;LIQUIDITY;NIGHT;RANGE;SESSION"
"C:\Users\sydne\OneDrive\myprojectx - Copy\NQ\NQ_INTEGRATION_STATUS.md",".md","Unknown",8,"0030;2300;ASIA;FILTER;LIQUIDITY;RANGE;SESSION;VOLATILITY"
"C:\Users\sydne\OneDrive\myprojectx - Copy\outputs\NQ_SESSION_DEPENDENCIES_REPORT.md",".md","Unknown",8,"0030;ASIA;BIAS;CONDITION;FILTER;RANGE;SESSION;VOLATILITY"
"C:\Users\sydne\OneDrive\myprojectx - Copy\outputs\NQ_VS_MGC_COMPARISON.md",".md","Unknown",8,"0030;2300;ASIA;FILTER;LIQUIDITY;OVERNIGHT;RANGE;SESSION"
"C:\Users\sydne\OneDrive\myprojectx - Copy\scripts\research_1800_any_edges.py",".py","Edge Discovery",8,"ASIA;FADE;FILTER;ORB_SIZE;RANGE;REJECTION;SESSION;SWEEP"
"C:\Users\sydne\OneDrive\myprojectx - Copy\trading_app\APP_PRODUCTION_STATUS.md",".md","Unknown",8,"0030;2300;ASIA;FILTER;LIQUIDITY;RANGE;SESSION;SWEEP"
"C:\Users\sydne\OneDrive\myprojectx - Copy\_archive\experiments\analyze_anomalies.py",".py","Analysis",8,"0030;2300;CONDITION;NIGHT;ORB_SIZE;RANGE;SESSION;SWEEP"
"C:\Users\sydne\OneDrive\myprojectx - Copy\_archive\reports\0900_SESSION_FINAL_REPORT.md",".md","Unknown",8,"0030;2300;ASIA;BIAS;FADE;RANGE;REJECTION;SESSION"
"C:\Users\sydne\OneDrive\myprojectx - Copy\_archive\reports\1000_ORB_PROFITABLE_TRADES_SUMMARY.md",".md","Unknown",8,"0030;2300;BIAS;LIQUIDITY;NIGHT;RANGE;SESSION;WINDOW"
"C:\Users\sydne\OneDrive\myprojectx - Copy\_archive\reports\1_MINUTE_ENTRY_VERIFICATION.md",".md","Unknown",8,"0030;2300;ASIA;EXTENDED;FILTER;SWEEP;VOLATILITY;WINDOW"
"C:\Users\sydne\OneDrive\myprojectx - Copy\_archive\reports\CANONICAL_APP_UPDATE.md",".md","Unknown",8,"0030;ASIA;BIAS;FILTER;NIGHT;RANGE;SESSION;SWEEP"
"C:\Users\sydne\OneDrive\myprojectx - Copy\_archive\reports\CHATGPT_NQ_RESEARCH_GUIDE.md",".md","Unknown",8,"0030;2300;ASIA;BIAS;FILTER;RANGE;SESSION;VOLATILITY"
"C:\Users\sydne\OneDrive\myprojectx - Copy\_archive\reports\CORRECTED_PLAYBOOK_40TRADES.md",".md","Unknown",8,"0030;2300;ASIA;FADE;FILTER;LIQUIDITY;REJECTION;SESSION"
"C:\Users\sydne\OneDrive\myprojectx - Copy\_archive\reports\DATA_VERIFICATION_REPORT.md",".md","Unknown",8,"0030;2300;ASIA;FILTER;NIGHT;RANGE;SESSION;SWEEP"
"C:\Users\sydne\OneDrive\myprojectx - Copy\_archive\reports\FILTERED_BACKTEST_RESULTS.md",".md","Backtest",8,"0030;2300;ASIA;BIAS;FILTER;RANGE;SESSION;VOLATILITY"
"C:\Users\sydne\OneDrive\myprojectx - Copy\_archive\reports\OLD_STRATS_HONEST_VALIDATION.md",".md","Validation",8,"ASIA;BIAS;FILTER;NIGHT;OVERNIGHT;RANGE;SESSION;SWEEP"
"C:\Users\sydne\OneDrive\myprojectx - Copy\_archive\reports\OVERNIGHT_STATUS_REPORT.md",".md","Unknown",8,"0030;BIAS;FILTER;LIQUIDITY;OVERNIGHT;RANGE;SESSION;VOLATILITY"
"C:\Users\sydne\OneDrive\myprojectx - Copy\_archive\reports\PRESSURE_TEST_RESULTS.md",".md","Test",8,"0030;2300;EXTENDED;FILTER;RANGE;SWEEP;VOLATILITY;WINDOW"
"C:\Users\sydne\OneDrive\myprojectx - Copy\_archive\reports\PROJECT_STATUS_REPORT.md",".md","Unknown",8,"0030;2300;ASIA;BIAS;RANGE;SESSION;SWEEP;WINDOW"
"C:\Users\sydne\OneDrive\myprojectx - Copy\_archive\reports\ROBUSTNESS_FINDINGS.md",".md","Unknown",8,"0030;2300;BIAS;FADE;FILTER;RANGE;SESSION;SWEEP"
"C:\Users\sydne\OneDrive\myprojectx - Copy\_archive\reports\_OUTDATED_TRADING_RULESET_JAN12.md",".md","Unknown",8,"ASIA;FADE;FILTER;LIQUIDITY;RANGE;SESSION;SWEEP;VOLATILITY"
"C:\Users\sydne\OneDrive\myprojectx - Copy\_archive\scripts\compute_session_labels.py",".py","Unknown",8,"0030;2300;ASIA;LIQUIDITY;RANGE;SESSION;SWEEP;WINDOW"
"C:\Users\sydne\OneDrive\myprojectx - Copy\_archive\scripts\session_reality_check.py",".py","Unknown",8,"0030;2300;BIAS;LIQUIDITY;ORB_SIZE;RANGE;SESSION;VOLATILITY"
"C:\Users\sydne\OneDrive\myprojectx - Copy\_INVALID_SCRIPTS_ARCHIVE\backtest_legacy.py",".py","Backtest",8,"0030;2300;ASIA;BIAS;FILTER;ORB_SIZE;RANGE;SESSION"
"C:\Users\sydne\OneDrive\myprojectx2\CLAUDE.md",".md","Unknown",7,"0030;2300;ASIA;FILTER;RANGE;SESSION;WINDOW"
"C:\Users\sydne\OneDrive\myprojectx2\analysis\analyze_orb_v2.py",".py","Analysis",7,"0030;2300;ASIA;BIAS;CONDITION;RANGE;SESSION"
"C:\Users\sydne\OneDrive\myprojectx2\analysis\query_engine.py",".py","Unknown",7,"0030;2300;ASIA;FILTER;ORB_SIZE;REJECTION;WINDOW"
"C:\Users\sydne\OneDrive\myprojectx2\audits\audit_complete_accuracy.py",".py","Audit",7,"0030;2300;ASIA;FILTER;ORB_SIZE;RANGE;SESSION"
"C:\Users\sydne\OneDrive\myprojectx2\data\outputs\COMPLETE_NQ_INTEGRATION_SUMMARY.md",".md","Unknown",7,"0030;2300;ASIA;FILTER;RANGE;SESSION;WINDOW"
"C:\Users\sydne\OneDrive\myprojectx2\data\outputs\NQ_OPTIMIZATION_COMPLETE.md",".md","Unknown",7,"0030;2300;ASIA;FILTER;RANGE;SESSION;VOLATILITY"
"C:\Users\sydne\OneDrive\myprojectx2\docs\CLAUDE.md",".md","Unknown",7,"0030;2300;ASIA;FILTER;RANGE;SESSION;WINDOW"
"C:\Users\sydne\OneDrive\myprojectx2\docs\archive\EDE_IMPLEMENTATION_COMPLETE.md",".md","Unknown",7,"BIAS;EXTENDED;FADE;GATE;SESSION;VOLATILITY;WINDOW"
"C:\Users\sydne\OneDrive\myprojectx2\docs\archive\UPDATE_SUMMARY_JAN17.md",".md","Unknown",7,"0030;2300;ASIA;CONDITION;LIQUIDITY;RANGE;SESSION"
"C:\Users\sydne\OneDrive\myprojectx2\docs\ml\README_ML.md",".md","Unknown",7,"0030;2300;ASIA;BIAS;GATE;RANGE;SESSION"
"C:\Users\sydne\OneDrive\myprojectx2\research\ede\generator_brute.py",".py","Unknown",7,"BIAS;CONDITION;FADE;FILTER;RANGE;SESSION;VOLATILITY"
"C:\Users\sydne\OneDrive\myprojectx2\research\scripts\research_nq_session_dependencies.py",".py","Unknown",7,"0030;ASIA;CONDITION;FILTER;RANGE;SESSION;VOLATILITY"
"C:\Users\sydne\OneDrive\myprojectx2\tests\conftest.py",".py","Test",7,"0030;2300;FILTER;LIQUIDITY;ORB_SIZE;RANGE;SESSION"
"C:\Users\sydne\OneDrive\myprojectx2\trading_app\chart_analyzer.py",".py","Analysis",7,"0030;2300;ASIA;FILTER;ORB_SIZE;RANGE;SESSION"
"C:\Users\sydne\OneDrive\myprojectx2\trading_app\data_loader.py",".py","Unknown",7,"0030;2300;FILTER;ORB_SIZE;RANGE;SESSION;WINDOW"
"C:\Users\sydne\OneDrive\myprojectx - Copy\AI_CHAT_INTEGRATION_PLAN.md",".md","Unknown",7,"ASIA;FILTER;LIQUIDITY;RANGE;SESSION;SWEEP;WINDOW"
"C:\Users\sydne\OneDrive\myprojectx - Copy\analyze_orb_v2.py",".py","Analysis",7,"0030;2300;ASIA;BIAS;CONDITION;RANGE;SESSION"
"C:\Users\sydne\OneDrive\myprojectx - Copy\CONTRACT_SPECS_VALIDATION_REPORT.md",".md","Validation",7,"0030;2300;ASIA;FILTER;LIQUIDITY;NIGHT;ORB_SIZE"
"C:\Users\sydne\OneDrive\myprojectx - Copy\query_engine.py",".py","Unknown",7,"0030;2300;ASIA;FILTER;ORB_SIZE;REJECTION;WINDOW"
"C:\Users\sydne\OneDrive\myprojectx - Copy\test_night_orb_extended_windows.py",".py","Test",7,"0030;2300;ASIA;EXTENDED;NIGHT;ORB_SIZE;WINDOW"
"C:\Users\sydne\OneDrive\myprojectx - Copy\outputs\COMPLETE_NQ_INTEGRATION_SUMMARY.md",".md","Unknown",7,"0030;2300;ASIA;FILTER;RANGE;SESSION;WINDOW"
"C:\Users\sydne\OneDrive\myprojectx - Copy\outputs\NQ_OPTIMIZATION_COMPLETE.md",".md","Unknown",7,"0030;2300;ASIA;FILTER;RANGE;SESSION;VOLATILITY"
"C:\Users\sydne\OneDrive\myprojectx - Copy\scripts\research_nq_session_dependencies.py",".py","Unknown",7,"0030;ASIA;CONDITION;FILTER;RANGE;SESSION;VOLATILITY"
"C:\Users\sydne\OneDrive\myprojectx - Copy\trading_app\data_loader.py",".py","Unknown",7,"0030;2300;FILTER;ORB_SIZE;RANGE;SESSION;WINDOW"
"C:\Users\sydne\OneDrive\myprojectx - Copy\trading_app\README.md",".md","Unknown",7,"ASIA;LIQUIDITY;NIGHT;RANGE;SESSION;SWEEP;WINDOW"
"C:\Users\sydne\OneDrive\myprojectx - Copy\_archive\backtest_old\final_backtest_with_filters.py",".py","Backtest",7,"0030;2300;ASIA;CONDITION;FILTER;RANGE;SESSION"
"C:\Users\sydne\OneDrive\myprojectx - Copy\_archive\backtest_old\final_conservative_backtest.py",".py","Backtest",7,"0030;2300;ASIA;CONDITION;FILTER;RANGE;SESSION"
"C:\Users\sydne\OneDrive\myprojectx - Copy\_archive\experiments\0030_phase2_pattern_families.py",".py","Unknown",7,"0030;2300;FILTER;ORB_SIZE;REJECTION;SESSION;SWEEP"
"C:\Users\sydne\OneDrive\myprojectx - Copy\_archive\experiments\analyze_session_conditional_expectancy.py",".py","Analysis",7,"0030;2300;ASIA;CONDITION;OVERNIGHT;SESSION;SWEEP"
"C:\Users\sydne\OneDrive\myprojectx - Copy\_archive\experiments\discover_edge_states.py",".py","Edge Discovery",7,"0030;2300;FILTER;RANGE;REJECTION;SWEEP;WINDOW"
"C:\Users\sydne\OneDrive\myprojectx - Copy\_archive\legacy\OVERNIGHT_PLATINUM_COMPLETE.py",".py","Unknown",7,"0030;2300;ASIA;BIAS;OVERNIGHT;RANGE;SESSION"
"C:\Users\sydne\OneDrive\myprojectx - Copy\_archive\notes\appbuild.txt",".txt","Unknown",7,"ASIA;BIAS;LIQUIDITY;NIGHT;SESSION;SWEEP;WINDOW"
"C:\Users\sydne\OneDrive\myprojectx - Copy\_archive\notes\NQFINDS.txt",".txt","Unknown",7,"ASIA;FADE;RANGE;SESSION;SWEEP;VOLATILITY;WINDOW"
"C:\Users\sydne\OneDrive\myprojectx - Copy\_archive\reports\ALL_STRATEGIES_INVENTORY.md",".md","Unknown",7,"0030;ASIA;FILTER;LIQUIDITY;RANGE;SESSION;VOLATILITY"
"C:\Users\sydne\OneDrive\myprojectx - Copy\_archive\reports\ASIA_LONDON_FRAMEWORK.md",".md","Unknown",7,"ASIA;FADE;LIQUIDITY;RANGE;SESSION;SWEEP;WINDOW"
"C:\Users\sydne\OneDrive\myprojectx - Copy\_archive\reports\COMPREHENSIVE_STRATEGY_AUDIT_2026-01-14.md",".md","Audit",7,"0030;2300;ASIA;FILTER;LIQUIDITY;ORB_SIZE;SESSION"
"C:\Users\sydne\OneDrive\myprojectx - Copy\_archive\reports\MPL_FINAL_DECISION.md",".md","Unknown",7,"0030;2300;BIAS;FILTER;LIQUIDITY;RANGE;SESSION"
"C:\Users\sydne\OneDrive\myprojectx - Copy\_archive\reports\OVERNIGHT_COMPLETION_REPORT.md",".md","Unknown",7,"0030;ASIA;BIAS;FILTER;LIQUIDITY;OVERNIGHT;SESSION"
"C:\Users\sydne\OneDrive\myprojectx - Copy\_archive\reports\PLATINUM_MORNING_BRIEFING.md",".md","Unknown",7,"ASIA;FILTER;LIQUIDITY;OVERNIGHT;RANGE;SESSION;VOLATILITY"
"C:\Users\sydne\OneDrive\myprojectx - Copy\_archive\reports\PLAYBOOK_UPDATE_SUMMARY.md",".md","Unknown",7,"0030;2300;ASIA;FILTER;LIQUIDITY;SESSION;VOLATILITY"
"C:\Users\sydne\OneDrive\myprojectx - Copy\_archive\reports\PRESSURE_TEST_REPORT.md",".md","Test",7,"0030;2300;FILTER;RANGE;SWEEP;VOLATILITY;WINDOW"
"C:\Users\sydne\OneDrive\myprojectx - Copy\_archive\reports\V2_SYSTEM_STATUS.md",".md","Unknown",7,"0030;2300;ASIA;BIAS;OVERNIGHT;RANGE;SESSION"
"C:\Users\sydne\OneDrive\myprojectx - Copy\_archive\reports\_OUTDATED_NY_ORB_TRADING_GUIDE_JAN14.md",".md","Unknown",7,"ASIA;BIAS;LIQUIDITY;OVERNIGHT;SESSION;SWEEP;VOLATILITY"
"C:\Users\sydne\OneDrive\myprojectx - Copy\_archive\scripts\build_day_state_features.py",".py","Feature Engineering",7,"0030;2300;ASIA;RANGE;SESSION;SWEEP;WINDOW"
"C:\Users\sydne\OneDrive\myprojectx - Copy\_archive\scripts\filter_orb_setups.py",".py","Filter",7,"0030;2300;ASIA;FILTER;ORB_SIZE;RANGE;SESSION"
"C:\Users\sydne\OneDrive\myprojectx - Copy\_archive\scripts\find_optimal_filters_all_orbs.py",".py","Filter",7,"0030;2300;ASIA;FILTER;RANGE;SESSION;SWEEP"
"C:\Users\sydne\OneDrive\myprojectx - Copy\_archive\scripts\FIX_ALL_CONFIGS.py",".py","Unknown",7,"0030;2300;ASIA;FILTER;NIGHT;RANGE;SESSION"
"C:\Users\sydne\OneDrive\myprojectx - Copy\_archive\tests\audit_data_integrity.py",".py","Audit",7,"0030;2300;ASIA;FILTER;RANGE;SESSION;WINDOW"
"C:\Users\sydne\OneDrive\myprojectx - Copy\_archive\tests\test_cascade_bidirectional.py",".py","Test",7,"ASIA;BIAS;CONDITION;LIQUIDITY;RANGE;SWEEP;WINDOW"
"C:\Users\sydne\OneDrive\myprojectx - Copy\_archive\tests\test_cascade_minimal.py",".py","Test",7,"ASIA;CONDITION;EXTENDED;LIQUIDITY;RANGE;SWEEP;WINDOW"
"C:\Users\sydne\OneDrive\myprojectx - Copy\_archive\tests\test_filters_0030.py",".py","Filter",7,"0030;2300;ASIA;FILTER;RANGE;SESSION;SWEEP"
"C:\Users\sydne\OneDrive\myprojectx - Copy\_archive\tests\test_proximity_liquidity.py",".py","Test",7,"ASIA;LIQUIDITY;NIGHT;RANGE;SESSION;SWEEP;WINDOW"
"C:\Users\sydne\OneDrive\myprojectx - Copy\_INVALID_SCRIPTS_ARCHIVE\backtest_all_orbs_complete.py",".py","Backtest",7,"0030;2300;ASIA;FILTER;RANGE;SESSION;SWEEP"
"C:\Users\sydne\OneDrive\myprojectx2\TRADING_PLAYBOOK.md",".md","Unknown",6,"ASIA;BIAS;FILTER;RANGE;SESSION;WINDOW"
"C:\Users\sydne\OneDrive\myprojectx2\audits\STEPONEA.txt",".txt","Unknown",6,"ASIA;BIAS;RANGE;SESSION;SWEEP;WINDOW"
"C:\Users\sydne\OneDrive\myprojectx2\data\outputs\NQ_RR_OPTIMIZATION_REPORT.md",".md","Unknown",6,"0030;2300;FILTER;RANGE;SESSION;VOLATILITY"
"C:\Users\sydne\OneDrive\myprojectx2\docs\TRADING_PLAYBOOK.md",".md","Unknown",6,"ASIA;BIAS;FILTER;RANGE;SESSION;WINDOW"
"C:\Users\sydne\OneDrive\myprojectx2\docs\archive\AUDIT_COMPLETE.md",".md","Audit",6,"ASIA;BIAS;RANGE;REJECTION;SESSION;WINDOW"
"C:\Users\sydne\OneDrive\myprojectx2\docs\archive\ML_PHASE1_COMPLETE.md",".md","Unknown",6,"ASIA;BIAS;GATE;ORB_SIZE;RANGE;SESSION"
"C:\Users\sydne\OneDrive\myprojectx2\docs\audit\AUDIT_COMPLETE.md",".md","Audit",6,"ASIA;BIAS;RANGE;REJECTION;SESSION;WINDOW"
"C:\Users\sydne\OneDrive\myprojectx2\pipeline\build_daily_features.py",".py","Feature Engineering",6,"0030;2300;ASIA;ORB_SIZE;RANGE;SESSION"
"C:\Users\sydne\OneDrive\myprojectx2\pipeline\build_daily_features_v2.py",".py","Feature Engineering",6,"ASIA;EXTENDED;ORB_SIZE;OVERNIGHT;RANGE;WINDOW"
"C:\Users\sydne\OneDrive\myprojectx2\research\scripts\research_nq_massive_moves.py",".py","Unknown",6,"ASIA;FILTER;NIGHT;RANGE;SWEEP;WINDOW"
"C:\Users\sydne\OneDrive\myprojectx2\trading_app\ai_guard.py",".py","Unknown",6,"ASIA;FILTER;GATE;RANGE;REJECTION;SESSION"
"C:\Users\sydne\OneDrive\myprojectx2\trading_app\setup_scanner.py",".py","Setup/Config",6,"0030;2300;FILTER;ORB_SIZE;RANGE;WINDOW"
"C:\Users\sydne\OneDrive\myprojectx2\trading_app\strategy_discovery.py",".py","Unknown",6,"0030;2300;FILTER;NIGHT;ORB_SIZE;RANGE"
"C:\Users\sydne\OneDrive\myprojectx2\trading_app\strategy_recommender.py",".py","Unknown",6,"0030;2300;ASIA;BIAS;FILTER;NIGHT"
"C:\Users\sydne\OneDrive\myprojectx - Copy\ASIA_ORB_CLEAN.py",".py","Unknown",6,"ASIA;BIAS;FILTER;ORB_SIZE;OVERNIGHT;WINDOW"
"C:\Users\sydne\OneDrive\myprojectx - Copy\AUDIT_REPORT_2026-01-15.md",".md","Audit",6,"0030;2300;ASIA;LIQUIDITY;NIGHT;SWEEP"
"C:\Users\sydne\OneDrive\myprojectx - Copy\build_daily_features.py",".py","Feature Engineering",6,"0030;2300;ASIA;ORB_SIZE;RANGE;SESSION"
"C:\Users\sydne\OneDrive\myprojectx - Copy\DATABASE_SCHEMA.md",".md","Unknown",6,"0030;2300;ASIA;BIAS;ORB_SIZE;SESSION"
"C:\Users\sydne\OneDrive\myprojectx - Copy\FIND_BIG_MOVE_CONDITIONS.py",".py","Unknown",6,"ASIA;CONDITION;FILTER;ORB_SIZE;RANGE;SESSION"
"C:\Users\sydne\OneDrive\myprojectx - Copy\PREDICT_DIRECTION.py",".py","Unknown",6,"ASIA;BIAS;FILTER;RANGE;SESSION;VOLATILITY"
"C:\Users\sydne\OneDrive\myprojectx - Copy\QUICK_START_GUIDE.md",".md","Unknown",6,"ASIA;NIGHT;RANGE;SESSION;SWEEP;VOLATILITY"
"C:\Users\sydne\OneDrive\myprojectx - Copy\TRADING_PLAYBOOK.md",".md","Unknown",6,"ASIA;BIAS;FILTER;RANGE;SESSION;WINDOW"
"C:\Users\sydne\OneDrive\myprojectx - Copy\WORKFLOW_GUIDE.md",".md","Unknown",6,"0030;2300;ASIA;BIAS;RANGE;SESSION"
"C:\Users\sydne\OneDrive\myprojectx - Copy\outputs\NQ_RR_OPTIMIZATION_REPORT.md",".md","Unknown",6,"0030;2300;FILTER;RANGE;SESSION;VOLATILITY"
"C:\Users\sydne\OneDrive\myprojectx - Copy\scripts\research_nq_massive_moves.py",".py","Unknown",6,"ASIA;FILTER;NIGHT;RANGE;SWEEP;WINDOW"
"C:\Users\sydne\OneDrive\myprojectx - Copy\scripts\test_filters.py",".py","Filter",6,"0030;2300;FILTER;RANGE;SESSION;VOLATILITY"
"C:\Users\sydne\OneDrive\myprojectx - Copy\trading_app\APP_STATUS.md",".md","Unknown",6,"ASIA;LIQUIDITY;NIGHT;SESSION;SWEEP;WINDOW"
"C:\Users\sydne\OneDrive\myprojectx - Copy\trading_app\orb_dashboard_simple.py",".py","Unknown",6,"0030;2300;FILTER;ORB_SIZE;RANGE;WINDOW"
"C:\Users\sydne\OneDrive\myprojectx - Copy\trading_app\strategy_recommender.py",".py","Unknown",6,"0030;2300;ASIA;BIAS;FILTER;NIGHT"
"C:\Users\sydne\OneDrive\myprojectx - Copy\_archive\backtest_old\backtest_orb_exec_1m_nofilters.py",".py","Backtest",6,"0030;2300;ASIA;FILTER;RANGE;SESSION"
"C:\Users\sydne\OneDrive\myprojectx - Copy\_archive\backtest_old\backtest_orb_exec_5m_nofilters.py",".py","Backtest",6,"0030;2300;ASIA;FILTER;SESSION;WINDOW"
"C:\Users\sydne\OneDrive\myprojectx - Copy\_archive\backtest_old\high_confidence_ruleset.py",".py","Unknown",6,"0030;2300;FILTER;RANGE;SESSION;VOLATILITY"
"C:\Users\sydne\OneDrive\myprojectx - Copy\_archive\experiments\analyze_mpl_comprehensive.py",".py","Analysis",6,"0030;2300;ASIA;OVERNIGHT;RANGE;SESSION"
"C:\Users\sydne\OneDrive\myprojectx - Copy\_archive\notes\NIGHT_ORB_BASELINE_RECONCILIATION.txt",".txt","Unknown",6,"0030;2300;FILTER;NIGHT;RANGE;SWEEP"
"C:\Users\sydne\OneDrive\myprojectx - Copy\_archive\reports\0030_ORB_FINAL_VERDICT.md",".md","Unknown",6,"0030;2300;FADE;LIQUIDITY;SESSION;SWEEP"
"C:\Users\sydne\OneDrive\myprojectx - Copy\_archive\reports\1800_CRITICAL_FIXES.md",".md","Unknown",6,"0030;2300;FILTER;RANGE;SWEEP;WINDOW"
"C:\Users\sydne\OneDrive\myprojectx - Copy\_archive\reports\1800_DEPLOYMENT_COMPLETE.md",".md","Unknown",6,"0030;2300;ASIA;FILTER;NIGHT;SESSION"
"C:\Users\sydne\OneDrive\myprojectx - Copy\_archive\reports\1800_LIQUIDITY_REACTION_EDGE.md",".md","Edge Discovery",6,"0030;BIAS;LIQUIDITY;RANGE;SESSION;WINDOW"
"C:\Users\sydne\OneDrive\myprojectx - Copy\_archive\reports\1800_VERIFICATION_COMPLETE.md",".md","Unknown",6,"0030;2300;FILTER;NIGHT;RANGE;SESSION"
"C:\Users\sydne\OneDrive\myprojectx - Copy\_archive\reports\AUDIT_COMMANDS.md",".md","Audit",6,"0030;2300;BIAS;FILTER;SESSION;SWEEP"
"C:\Users\sydne\OneDrive\myprojectx - Copy\_archive\reports\CLEANUP_COMPLETE_SUMMARY.md",".md","Unknown",6,"ASIA;BIAS;FILTER;NIGHT;SESSION;SWEEP"
"C:\Users\sydne\OneDrive\myprojectx - Copy\_archive\reports\CLEANUP_CORRECTED_SUMMARY.md",".md","Unknown",6,"ASIA;FILTER;LIQUIDITY;NIGHT;SESSION;SWEEP"
"C:\Users\sydne\OneDrive\myprojectx - Copy\_archive\reports\CRITICAL_ENTRY_PRICE_FINDINGS.md",".md","Unknown",6,"0030;2300;ASIA;FILTER;RANGE;SWEEP"
"C:\Users\sydne\OneDrive\myprojectx - Copy\_archive\reports\DASHBOARD_IMPROVEMENTS_SUMMARY.md",".md","Unknown",6,"0030;2300;BIAS;FILTER;NIGHT;RANGE"
"C:\Users\sydne\OneDrive\myprojectx - Copy\_archive\reports\EDGE_VALIDATION_REPORT.md",".md","Edge Discovery",6,"ASIA;FILTER;OVERNIGHT;RANGE;SESSION;VOLATILITY"
"C:\Users\sydne\OneDrive\myprojectx - Copy\_archive\reports\IMPLEMENTATION_STATUS.md",".md","Unknown",6,"0030;2300;FILTER;RANGE;REJECTION;VOLATILITY"
"C:\Users\sydne\OneDrive\myprojectx - Copy\_archive\reports\NIGHT_ORB_BASELINE_RECONCILIATION_FINAL.md",".md","Unknown",6,"0030;2300;FILTER;NIGHT;RANGE;SWEEP"
"C:\Users\sydne\OneDrive\myprojectx - Copy\_archive\reports\ORB_ANCHORED_IMPLEMENTATION.md",".md","Unknown",6,"0030;2300;ASIA;ORB_SIZE;RANGE;SESSION"
"C:\Users\sydne\OneDrive\myprojectx - Copy\_archive\reports\OVERNIGHT_JOBS_SUMMARY.md",".md","Unknown",6,"0030;2300;BIAS;OVERNIGHT;RANGE;SESSION"
"C:\Users\sydne\OneDrive\myprojectx - Copy\_archive\reports\PROP_DEPLOYMENT_SUMMARY.md",".md","Unknown",6,"ASIA;LIQUIDITY;OVERNIGHT;RANGE;SESSION;VOLATILITY"
"C:\Users\sydne\OneDrive\myprojectx - Copy\_archive\reports\REFACTOR_SUMMARY.md",".md","Unknown",6,"ASIA;BIAS;OVERNIGHT;RANGE;SESSION;VOLATILITY"
"C:\Users\sydne\OneDrive\myprojectx - Copy\_archive\reports\START_HERE_PLATINUM.md",".md","Unknown",6,"0030;BIAS;FILTER;LIQUIDITY;OVERNIGHT;SESSION"
"C:\Users\sydne\OneDrive\myprojectx - Copy\_archive\reports\UNIFIED_FRAMEWORK_RESULTS.md",".md","Unknown",6,"0030;2300;ASIA;LIQUIDITY;SESSION;VOLATILITY"
"C:\Users\sydne\OneDrive\myprojectx - Copy\_archive\reports\_OUTDATED_TRADING_RULESET_CURRENT_JAN12.md",".md","Unknown",6,"ASIA;FILTER;LIQUIDITY;OVERNIGHT;RANGE;SESSION"
"C:\Users\sydne\OneDrive\myprojectx - Copy\_archive\scripts\monitor_cascade_live.py",".py","Unknown",6,"ASIA;LIQUIDITY;RANGE;SESSION;SWEEP;WINDOW"
"C:\Users\sydne\OneDrive\myprojectx - Copy\_archive\scripts\reconcile_night_orb_baselines.py",".py","Unknown",6,"0030;2300;FILTER;NIGHT;RANGE;SWEEP"
"C:\Users\sydne\OneDrive\myprojectx - Copy\_archive\tests\audit_lookahead_safety.py",".py","Audit",6,"0030;2300;ASIA;SESSION;SWEEP;WINDOW"
"C:\Users\sydne\OneDrive\myprojectx - Copy\_archive\tests\test_filters_real_data.py",".py","Filter",6,"0030;2300;FILTER;ORB_SIZE;RANGE;REJECTION"
"C:\Users\sydne\OneDrive\myprojectx - Copy\_archive\tests\test_lagged_features_all_orbs.py",".py","Feature Engineering",6,"0030;2300;ASIA;SESSION;SWEEP;WINDOW"
"C:\Users\sydne\OneDrive\myprojectx - Copy\_archive\tests\test_liquidity_reaction_minimal.py",".py","Test",6,"CONDITION;LIQUIDITY;RANGE;SESSION;SWEEP;WINDOW"
"C:\Users\sydne\OneDrive\myprojectx - Copy\_archive\tests\test_london_prior_inventory.py",".py","Test",6,"ASIA;FADE;FILTER;LIQUIDITY;SESSION;SWEEP"
"C:\Users\sydne\OneDrive\myprojectx - Copy\_archive\tests\test_ny_to_asia_cascade.py",".py","Test",6,"ASIA;NIGHT;OVERNIGHT;RANGE;SESSION;SWEEP"
"C:\Users\sydne\OneDrive\myprojectx - Copy\_archive\tests\test_partial_cascades.py",".py","Test",6,"ASIA;LIQUIDITY;NIGHT;RANGE;SESSION;SWEEP"
"C:\Users\sydne\OneDrive\myprojectx - Copy\_archive\tests\test_session_orb_filters.py",".py","Filter",6,"0030;2300;FILTER;RANGE;SESSION;VOLATILITY"
"C:\Users\sydne\OneDrive\myprojectx - Copy\_archive\tests\verify_sweep_temporal_ordering.py",".py","Unknown",6,"0030;2300;ASIA;LIQUIDITY;SESSION;SWEEP"
"C:\Users\sydne\OneDrive\myprojectx - Copy\_INVALID_SCRIPTS_ARCHIVE\backtest_worst_case_execution.py",".py","Backtest",6,"0030;2300;FILTER;RANGE;SESSION;SWEEP"
"C:\Users\sydne\OneDrive\myprojectx2\PHASE1_RESEARCH_MODE.md",".md","Unknown",5,"FILTER;GATE;REJECTION;VOLATILITY;WINDOW"
"C:\Users\sydne\OneDrive\myprojectx2\analysis\ai_query.py",".py","Unknown",5,"0030;2300;ASIA;SESSION;SWEEP"
"C:\Users\sydne\OneDrive\myprojectx2\audits\step1_data_integrity.py",".py","Unknown",5,"ASIA;RANGE;SESSION;VOLATILITY;WINDOW"
"C:\Users\sydne\OneDrive\myprojectx2\audits\STEPTWOA.txt",".txt","Unknown",5,"0030;2300;ORB_SIZE;RANGE;WINDOW"
"C:\Users\sydne\OneDrive\myprojectx2\docs\DATABASE_SCHEMA_SOURCE_OF_TRUTH.md",".md","Unknown",5,"0030;2300;NIGHT;RANGE;SESSION"
"C:\Users\sydne\OneDrive\myprojectx2\docs\ZERO_LOOKAHEAD_RULES.md",".md","Unknown",5,"ASIA;BIAS;OVERNIGHT;RANGE;SESSION"
"C:\Users\sydne\OneDrive\myprojectx2\docs\archive\ML_USER_GUIDE.md",".md","Unknown",5,"ASIA;ORB_SIZE;RANGE;SESSION;VOLATILITY"
"C:\Users\sydne\OneDrive\myprojectx2\docs\audit\MASTER_AUDIT_PLAN.md",".md","Audit",5,"ASIA;BIAS;RANGE;REJECTION;SESSION"
"C:\Users\sydne\OneDrive\myprojectx2\docs\guides\SETUP_TRADING_HUB.md",".md","Setup/Config",5,"ASIA;BIAS;FILTER;RANGE;SESSION"
"C:\Users\sydne\OneDrive\myprojectx2\docs\ml\ML_USER_GUIDE.md",".md","Unknown",5,"ASIA;ORB_SIZE;RANGE;SESSION;VOLATILITY"
"C:\Users\sydne\OneDrive\myprojectx2\docs\technical\DOCUMENTATION_INDEX.md",".md","Unknown",5,"0030;2300;BIAS;NIGHT;SESSION"
"C:\Users\sydne\OneDrive\myprojectx2\docs\technical\ENABLE_MOBILE_MOTHERDUCK.md",".md","Unknown",5,"0030;2300;RANGE;SESSION;WINDOW"
"C:\Users\sydne\OneDrive\myprojectx2\ml\inference\inference_engine.py",".py","Unknown",5,"ASIA;BIAS;ORB_SIZE;RANGE;SESSION"
"C:\Users\sydne\OneDrive\myprojectx2\ml\training\feature_engineering.py",".py","Feature Engineering",5,"0030;2300;BIAS;ORB_SIZE;SESSION"
"C:\Users\sydne\OneDrive\myprojectx2\pipeline\validate_data.py",".py","Validation",5,"ASIA;LIQUIDITY;RANGE;SESSION;WINDOW"
"C:\Users\sydne\OneDrive\myprojectx2\research\ede\init_ede_schema.py",".py","Unknown",5,"ASIA;FADE;SESSION;VOLATILITY;WINDOW"
"C:\Users\sydne\OneDrive\myprojectx2\research\scripts\build_daily_features_nq.py",".py","Feature Engineering",5,"ASIA;ORB_SIZE;RANGE;SESSION;WINDOW"
"C:\Users\sydne\OneDrive\myprojectx2\tests\PHASE1_COMPLETE.md",".md","Unknown",5,"2300;FILTER;LIQUIDITY;ORB_SIZE;RANGE"
"C:\Users\sydne\OneDrive\myprojectx2\tests\TESTING_FINDINGS.md",".md","Test",5,"0030;2300;FILTER;LIQUIDITY;RANGE"
"C:\Users\sydne\OneDrive\myprojectx2\tests\strategy_presentation\test_strategy_explanation_accuracy.py",".py","Test",5,"0030;2300;FILTER;ORB_SIZE;RANGE"
"C:\Users\sydne\OneDrive\myprojectx2\trading_app\directional_bias.py",".py","Unknown",5,"ASIA;BIAS;EXTENDED;RANGE;SESSION"
"C:\Users\sydne\OneDrive\myprojectx2\workflow\journal.py",".py","Unknown",5,"0030;2300;ASIA;ORB_SIZE;SESSION"
"C:\Users\sydne\OneDrive\myprojectx2\workflow\realtime_signals.py",".py","Unknown",5,"ASIA;CONDITION;FILTER;RANGE;SESSION"
"C:\Users\sydne\OneDrive\myprojectx - Copy\ai_query.py",".py","Unknown",5,"0030;2300;ASIA;SESSION;SWEEP"
"C:\Users\sydne\OneDrive\myprojectx - Copy\ASIA_ORB_FINDER.py",".py","Unknown",5,"ASIA;CONDITION;FILTER;ORB_SIZE;SESSION"
"C:\Users\sydne\OneDrive\myprojectx - Copy\backtest_orb_exec_5m.py",".py","Backtest",5,"0030;2300;ASIA;SESSION;WINDOW"
"C:\Users\sydne\OneDrive\myprojectx - Copy\CLEANUP_SUMMARY_JAN15.md",".md","Unknown",5,"CONDITION;FILTER;OVERNIGHT;RANGE;SESSION"
"C:\Users\sydne\OneDrive\myprojectx - Copy\FIND_MASSIVE_MOVE_CONDITIONS.py",".py","Unknown",5,"ASIA;CONDITION;FILTER;ORB_SIZE;RANGE"
"C:\Users\sydne\OneDrive\myprojectx - Copy\journal.py",".py","Unknown",5,"0030;2300;ASIA;ORB_SIZE;SESSION"
"C:\Users\sydne\OneDrive\myprojectx - Copy\PLATINUM_VERIFICATION_COMPLETE.md",".md","Unknown",5,"0030;2300;BIAS;LIQUIDITY;RANGE"
"C:\Users\sydne\OneDrive\myprojectx - Copy\READ_ME_PLATINUM_DONE.txt",".txt","Unknown",5,"0030;2300;BIAS;LIQUIDITY;RANGE"
"C:\Users\sydne\OneDrive\myprojectx - Copy\realtime_signals.py",".py","Unknown",5,"ASIA;CONDITION;FILTER;RANGE;SESSION"
"C:\Users\sydne\OneDrive\myprojectx - Copy\SETUP_TRADING_HUB.md",".md","Setup/Config",5,"ASIA;BIAS;FILTER;RANGE;SESSION"
"C:\Users\sydne\OneDrive\myprojectx - Copy\validate_data.py",".py","Validation",5,"ASIA;LIQUIDITY;RANGE;SESSION;WINDOW"
"C:\Users\sydne\OneDrive\myprojectx - Copy\ZERO_LOOKAHEAD_RULES.md",".md","Unknown",5,"ASIA;BIAS;OVERNIGHT;RANGE;SESSION"
"C:\Users\sydne\OneDrive\myprojectx - Copy\scripts\build_daily_features_nq.py",".py","Feature Engineering",5,"ASIA;ORB_SIZE;RANGE;SESSION;WINDOW"
"C:\Users\sydne\OneDrive\myprojectx - Copy\trading_app\QUICK_START.txt",".txt","Unknown",5,"ASIA;LIQUIDITY;NIGHT;SESSION;SWEEP"
"C:\Users\sydne\OneDrive\myprojectx - Copy\_archive\backtest_old\backtest_orb_exec_5m_COMPARE.py",".py","Backtest",5,"0030;2300;ASIA;SESSION;WINDOW"
"C:\Users\sydne\OneDrive\myprojectx - Copy\_archive\backtest_old\backtest_orb_exec_5m_nomax.py",".py","Backtest",5,"0030;2300;ASIA;SESSION;WINDOW"
"C:\Users\sydne\OneDrive\myprojectx - Copy\_archive\backtest_old\baseline_all_orbs.py",".py","Unknown",5,"0030;2300;ASIA;RANGE;SESSION"
"C:\Users\sydne\OneDrive\myprojectx - Copy\_archive\experiments\0900_phase2_pattern_testing.py",".py","Test",5,"ASIA;FADE;REJECTION;SESSION;WINDOW"
"C:\Users\sydne\OneDrive\myprojectx - Copy\_archive\experiments\analyze_0030_modelb_comprehensive.py",".py","Analysis",5,"0030;BIAS;ORB_SIZE;RANGE;REJECTION"
"C:\Users\sydne\OneDrive\myprojectx - Copy\_archive\experiments\analyze_2300_modelb_comprehensive.py",".py","Analysis",5,"2300;BIAS;ORB_SIZE;RANGE;REJECTION"
"C:\Users\sydne\OneDrive\myprojectx - Copy\_archive\experiments\analyze_london_comprehensive.py",".py","Analysis",5,"ASIA;FADE;RANGE;SESSION;VOLATILITY"
"C:\Users\sydne\OneDrive\myprojectx - Copy\_archive\experiments\analyze_session_correlations.py",".py","Analysis",5,"0030;2300;ASIA;FILTER;SESSION"
"C:\Users\sydne\OneDrive\myprojectx - Copy\_archive\notes\analysis_results_corrected.txt",".txt","Analysis",5,"0030;2300;ASIA;SESSION;SWEEP"
"C:\Users\sydne\OneDrive\myprojectx - Copy\_archive\notes\CORRECTED_DASHBOARD_BLOCK.txt",".txt","Unknown",5,"0030;2300;ASIA;NIGHT;SESSION"
"C:\Users\sydne\OneDrive\myprojectx - Copy\_archive\reports\0030_STATE_VERDICT.md",".md","Unknown",5,"0030;2300;BIAS;RANGE;WINDOW"
"C:\Users\sydne\OneDrive\myprojectx - Copy\_archive\reports\CANONICAL_UPDATE_SUMMARY.md",".md","Unknown",5,"ASIA;FILTER;OVERNIGHT;SESSION;SWEEP"
"C:\Users\sydne\OneDrive\myprojectx - Copy\_archive\reports\COMPLETE_EDGE_SUMMARY.md",".md","Edge Discovery",5,"0030;2300;BIAS;LIQUIDITY;SESSION"
"C:\Users\sydne\OneDrive\myprojectx - Copy\_archive\reports\DATABASE_AUDIT_REPORT.md",".md","Audit",5,"0030;2300;ASIA;RANGE;SESSION"
"C:\Users\sydne\OneDrive\myprojectx - Copy\_archive\reports\DATA_VERIFICATION_SUMMARY.md",".md","Unknown",5,"0030;2300;ASIA;NIGHT;SWEEP"
"C:\Users\sydne\OneDrive\myprojectx - Copy\_archive\reports\DEPLOYMENT_CHECKLIST.md",".md","Unknown",5,"0030;2300;FILTER;REJECTION;VOLATILITY"
"C:\Users\sydne\OneDrive\myprojectx - Copy\_archive\reports\EXECUTIVE_SUMMARY_PLATINUM.md",".md","Unknown",5,"0030;BIAS;FILTER;LIQUIDITY;OVERNIGHT"
"C:\Users\sydne\OneDrive\myprojectx - Copy\_archive\reports\MPL_SETUP_README.md",".md","Setup/Config",5,"0030;2300;ASIA;BIAS;SESSION"
"C:\Users\sydne\OneDrive\myprojectx - Copy\_archive\scripts\check_current_orb_setup.py",".py","Setup/Config",5,"0030;2300;ASIA;FILTER;RANGE"
"C:\Users\sydne\OneDrive\myprojectx - Copy\_archive\scripts\orb_trades_5m_exec.py",".py","Unknown",5,"0030;2300;ASIA;SESSION;WINDOW"
"C:\Users\sydne\OneDrive\myprojectx - Copy\_archive\scripts\run_automated_replay_0030.py",".py","Unknown",5,"0030;2300;ORB_SIZE;RANGE;WINDOW"
"C:\Users\sydne\OneDrive\myprojectx - Copy\_archive\scripts\run_robustness_batch_OPTIMIZED.py",".py","Unknown",5,"0030;2300;FILTER;OVERNIGHT;RANGE"
"C:\Users\sydne\OneDrive\myprojectx - Copy\_archive\tests\test_0030_liquidity_reaction.py",".py","Test",5,"2300;FADE;LIQUIDITY;RANGE;WINDOW"
"C:\Users\sydne\OneDrive\myprojectx - Copy\_archive\tests\test_0030_pattern2_sweep_reclaim.py",".py","Test",5,"0030;LIQUIDITY;RANGE;SWEEP;WINDOW"
"C:\Users\sydne\OneDrive\myprojectx - Copy\_archive\tests\test_1800_pre_travel_filter.py",".py","Filter",5,"ASIA;FILTER;ORB_SIZE;RANGE;SESSION"
"C:\Users\sydne\OneDrive\myprojectx - Copy\_archive\tests\test_2300_liquidity_reaction.py",".py","Test",5,"2300;FADE;LIQUIDITY;RANGE;WINDOW"
"C:\Users\sydne\OneDrive\myprojectx - Copy\_archive\tests\test_filter_implementation.py",".py","Filter",5,"0030;2300;FILTER;ORB_SIZE;REJECTION"
"C:\Users\sydne\OneDrive\myprojectx - Copy\_archive\tests\test_mpl_filters.py",".py","Filter",5,"0030;2300;FILTER;ORB_SIZE;VOLATILITY"
"C:\Users\sydne\OneDrive\myprojectx2\start.txt",".txt","Unknown",4,"GATE;RANGE;REJECTION;WINDOW"
"C:\Users\sydne\OneDrive\myprojectx2\analysis\export_v2_edges.py",".py","Edge Discovery",4,"0030;2300;CONDITION;FILTER"
"C:\Users\sydne\OneDrive\myprojectx2\audits\run_complete_audit.py",".py","Audit",4,"0030;2300;LIQUIDITY;RANGE"
"C:\Users\sydne\OneDrive\myprojectx2\audits\STEPONE.txt",".txt","Unknown",4,"ASIA;CONDITION;SESSION;VOLATILITY"
"C:\Users\sydne\OneDrive\myprojectx2\audits\STEPTHREE.txt",".txt","Unknown",4,"BIAS;CONDITION;VOLATILITY;WINDOW"
"C:\Users\sydne\OneDrive\myprojectx2\audits\STEPTHREEA.txt",".txt","Unknown",4,"BIAS;LIQUIDITY;REJECTION;WINDOW"
"C:\Users\sydne\OneDrive\myprojectx2\audits\STEPTWO.txt",".txt","Unknown",4,"ASIA;ORB_SIZE;SESSION;WINDOW"
"C:\Users\sydne\OneDrive\myprojectx2\data\exports\v2_edges_20260111_191502.csv",".csv","Edge Discovery",4,"0030;2300;CONDITION;FILTER"
"C:\Users\sydne\OneDrive\myprojectx2\docs\archive\MOBILE_APP_ENHANCED.md",".md","Unknown",4,"0030;2300;FILTER;RANGE"
"C:\Users\sydne\OneDrive\myprojectx2\docs\audit\AUDIT_README.md",".md","Audit",4,"ASIA;BIAS;RANGE;SESSION"
"C:\Users\sydne\OneDrive\myprojectx2\pipeline\migrate_add_edge_candidates.py",".py","Edge Discovery",4,"FILTER;REJECTION;VOLATILITY;WINDOW"
"C:\Users\sydne\OneDrive\myprojectx2\research\ede\backtest_engine.py",".py","Backtest",4,"FADE;FILTER;ORB_SIZE;WINDOW"
"C:\Users\sydne\OneDrive\myprojectx2\research\ede\lifecycle_manager.py",".py","Unknown",4,"ASIA;FADE;GATE;WINDOW"
"C:\Users\sydne\OneDrive\myprojectx2\research\ede\validation_pipeline.py",".py","Validation",4,"ASIA;BIAS;SESSION;VOLATILITY"
"C:\Users\sydne\OneDrive\myprojectx2\research\scripts\backtest_baseline.py",".py","Backtest",4,"0030;2300;FILTER;RANGE"
"C:\Users\sydne\OneDrive\myprojectx2\trading_app\alert_system.py",".py","Unknown",4,"CONDITION;FILTER;SESSION;WINDOW"
"C:\Users\sydne\OneDrive\myprojectx2\trading_app\enhanced_charting.py",".py","Unknown",4,"FILTER;RANGE;SESSION;WINDOW"
"C:\Users\sydne\OneDrive\myprojectx2\trading_app\live_chart_builder.py",".py","Unknown",4,"FILTER;ORB_SIZE;RANGE;WINDOW"
"C:\Users\sydne\OneDrive\myprojectx2\trading_app\orb_0030_visual.py",".py","Unknown",4,"0030;FILTER;ORB_SIZE;RANGE"
"C:\Users\sydne\OneDrive\myprojectx - Copy\backtest_orb_exec_1m.py",".py","Backtest",4,"0030;2300;ASIA;SESSION"
"C:\Users\sydne\OneDrive\myprojectx - Copy\build_daily_features_v2.py",".py","Feature Engineering",4,"ASIA;ORB_SIZE;RANGE;WINDOW"
"C:\Users\sydne\OneDrive\myprojectx - Copy\CLAUDE.md",".md","Unknown",4,"ASIA;RANGE;SESSION;WINDOW"
"C:\Users\sydne\OneDrive\myprojectx - Copy\export_v2_edges.py",".py","Edge Discovery",4,"0030;2300;CONDITION;FILTER"
"C:\Users\sydne\OneDrive\myprojectx - Copy\run_complete_audit.py",".py","Audit",4,"0030;2300;LIQUIDITY;RANGE"
"C:\Users\sydne\OneDrive\myprojectx - Copy\ULTIMATE_UNICORN_FINDER.py",".py","Unknown",4,"EXTENDED;ORB_SIZE;RANGE;WINDOW"
"C:\Users\sydne\OneDrive\myprojectx - Copy\exports\v2_edges_20260111_191502.csv",".csv","Edge Discovery",4,"0030;2300;CONDITION;FILTER"
"C:\Users\sydne\OneDrive\myprojectx - Copy\scripts\backtest_baseline.py",".py","Backtest",4,"0030;2300;FILTER;RANGE"
"C:\Users\sydne\OneDrive\myprojectx - Copy\_archive\backtest_old\backtest_orb_exec_5mhalfsl_nofilters.py",".py","Backtest",4,"0030;2300;ASIA;FILTER"
"C:\Users\sydne\OneDrive\myprojectx - Copy\_archive\backtest_old\backtest_orb_exec_5mhalfsl_orbR.py",".py","Backtest",4,"0030;2300;ASIA;RANGE"
"C:\Users\sydne\OneDrive\myprojectx - Copy\_archive\experiments\0900_phase1_behavior_mapping.py",".py","Unknown",4,"ASIA;FADE;REJECTION;SESSION"
"C:\Users\sydne\OneDrive\myprojectx - Copy\_archive\experiments\analyze_0900_modelb_comprehensive.py",".py","Analysis",4,"BIAS;ORB_SIZE;RANGE;REJECTION"
"C:\Users\sydne\OneDrive\myprojectx - Copy\_archive\experiments\analyze_1000_modelb_comprehensive.py",".py","Analysis",4,"BIAS;ORB_SIZE;RANGE;REJECTION"
"C:\Users\sydne\OneDrive\myprojectx - Copy\_archive\experiments\analyze_1100_modelb_comprehensive.py",".py","Analysis",4,"BIAS;ORB_SIZE;RANGE;REJECTION"
"C:\Users\sydne\OneDrive\myprojectx - Copy\_archive\experiments\analyze_1800_modelb_comprehensive.py",".py","Analysis",4,"BIAS;ORB_SIZE;RANGE;REJECTION"
"C:\Users\sydne\OneDrive\myprojectx - Copy\_archive\experiments\analyze_by_session.py",".py","Analysis",4,"0030;2300;FILTER;SESSION"
"C:\Users\sydne\OneDrive\myprojectx - Copy\_archive\experiments\analyze_orb_performance.py",".py","Analysis",4,"0030;2300;ASIA;SESSION"
"C:\Users\sydne\OneDrive\myprojectx - Copy\_archive\experiments\analyze_position_sizing.py",".py","Analysis",4,"0030;2300;FILTER;ORB_SIZE"
"C:\Users\sydne\OneDrive\myprojectx - Copy\_archive\experiments\analyze_session_details.py",".py","Analysis",4,"0030;2300;ASIA;SESSION"
"C:\Users\sydne\OneDrive\myprojectx - Copy\_archive\experiments\compare_filtered_nomax.py",".py","Filter",4,"0030;2300;FILTER;SESSION"
"C:\Users\sydne\OneDrive\myprojectx - Copy\_archive\experiments\compare_filtered_vs_nofilters.py",".py","Filter",4,"0030;2300;FILTER;SESSION"
"C:\Users\sydne\OneDrive\myprojectx - Copy\_archive\legacy\orb_structure_analysis_impl.py",".py","Analysis",4,"0030;2300;REJECTION;WINDOW"
"C:\Users\sydne\OneDrive\myprojectx - Copy\_archive\legacy\_mpl_optimization.py",".py","Unknown",4,"0030;2300;OVERNIGHT;RANGE"
"C:\Users\sydne\OneDrive\myprojectx - Copy\_archive\notes\clearfolder.txt",".txt","Unknown",4,"CONDITION;FILTER;SESSION;VOLATILITY"
"C:\Users\sydne\OneDrive\myprojectx - Copy\_archive\notes\filter_section_for_guide.txt",".txt","Filter",4,"FILTER;RANGE;REJECTION;VOLATILITY"
"C:\Users\sydne\OneDrive\myprojectx - Copy\_archive\notes\RUN_THIS_OVERNIGHT.txt",".txt","Unknown",4,"0030;2300;OVERNIGHT;SESSION"
"C:\Users\sydne\OneDrive\myprojectx - Copy\_archive\notes\START_HERE_CHOOSE_JOB.txt",".txt","Unknown",4,"0030;BIAS;OVERNIGHT;SESSION"
"C:\Users\sydne\OneDrive\myprojectx - Copy\_archive\notes\START_HERE_COMPLETE_OVERNIGHT.txt",".txt","Unknown",4,"0030;BIAS;OVERNIGHT;SESSION"
"C:\Users\sydne\OneDrive\myprojectx - Copy\_archive\reports\1000_ORB_FINAL_VERDICT.md",".md","Unknown",4,"0030;RANGE;SESSION;VOLATILITY"
"C:\Users\sydne\OneDrive\myprojectx - Copy\_archive\reports\CODEBASE_CLEANUP_PLAN.md",".md","Unknown",4,"0030;2300;ASIA;NIGHT"
"C:\Users\sydne\OneDrive\myprojectx - Copy\_archive\reports\CODEBASE_CLEANUP_VALIDATION.md",".md","Validation",4,"0030;2300;ASIA;NIGHT"
"C:\Users\sydne\OneDrive\myprojectx - Copy\_archive\reports\COMPLETE_AUDIT_SUMMARY.md",".md","Audit",4,"FADE;FILTER;RANGE;SESSION"
"C:\Users\sydne\OneDrive\myprojectx - Copy\_archive\reports\DUAL_INSTRUMENT_DEPLOYMENT_COMPLETE.md",".md","Unknown",4,"0030;2300;FILTER;VOLATILITY"
"C:\Users\sydne\OneDrive\myprojectx - Copy\_archive\reports\MANUAL_REPLAY_READY.md",".md","Unknown",4,"0030;RANGE;REJECTION;WINDOW"
"C:\Users\sydne\OneDrive\myprojectx - Copy\_archive\reports\MPL_OVERNIGHT_RESULTS.md",".md","Unknown",4,"ASIA;OVERNIGHT;RANGE;SESSION"
"C:\Users\sydne\OneDrive\myprojectx - Copy\_archive\reports\PLATINUM_COMPLETE_SUCCESS.md",".md","Unknown",4,"0030;2300;LIQUIDITY;OVERNIGHT"
"C:\Users\sydne\OneDrive\myprojectx - Copy\_archive\reports\readme_gold.md",".md","Unknown",4,"ASIA;RANGE;SESSION;WINDOW"
"C:\Users\sydne\OneDrive\myprojectx - Copy\_archive\reports\RR_4_VERIFICATION_REPORT.md",".md","Unknown",4,"FILTER;NIGHT;RANGE;SESSION"
"C:\Users\sydne\OneDrive\myprojectx - Copy\_archive\reports\TEST_RESULTS_SUMMARY.md",".md","Test",4,"0030;2300;FILTER;REJECTION"
"C:\Users\sydne\OneDrive\myprojectx - Copy\_archive\reports\VERIFICATION_COMPLETE_2026-01-14.md",".md","Unknown",4,"0030;2300;FILTER;ORB_SIZE"
"C:\Users\sydne\OneDrive\myprojectx - Copy\_archive\reports\WAKE_UP_READ_THIS_FIRST.md",".md","Unknown",4,"BIAS;FILTER;OVERNIGHT;SESSION"
"C:\Users\sydne\OneDrive\myprojectx - Copy\_archive\reports\_OUTDATED_NOTICE.md",".md","Unknown",4,"0030;2300;ASIA;SESSION"
"C:\Users\sydne\OneDrive\myprojectx - Copy\_archive\scripts\CHECK_AND_ANALYZE_MPL.py",".py","Analysis",4,"BIAS;FILTER;RANGE;SESSION"
"C:\Users\sydne\OneDrive\myprojectx - Copy\_archive\scripts\extract_candidate_configs.py",".py","Unknown",4,"0030;2300;FILTER;SESSION"
"C:\Users\sydne\OneDrive\myprojectx - Copy\_archive\scripts\generate_edge_report.py",".py","Edge Discovery",4,"0030;2300;FILTER;SESSION"
"C:\Users\sydne\OneDrive\myprojectx - Copy\_archive\scripts\generate_final_grid_report.py",".py","Unknown",4,"0030;2300;LIQUIDITY;SESSION"
"C:\Users\sydne\OneDrive\myprojectx - Copy\_archive\scripts\generate_final_validated_edges_modelb.py",".py","Edge Discovery",4,"0030;2300;ASIA;SESSION"
"C:\Users\sydne\OneDrive\myprojectx - Copy\_archive\scripts\prepare_manual_replay_0030.py",".py","Unknown",4,"0030;ORB_SIZE;RANGE;WINDOW"
"C:\Users\sydne\OneDrive\myprojectx - Copy\_archive\scripts\run_robustness_batch.py",".py","Unknown",4,"0030;2300;FILTER;RANGE"
"C:\Users\sydne\OneDrive\myprojectx - Copy\_archive\scripts\visualize.py",".py","Unknown",4,"0030;2300;ASIA;SESSION"
"C:\Users\sydne\OneDrive\myprojectx - Copy\_archive\tests\audit_filter_logic.py",".py","Filter",4,"0030;BIAS;FILTER;RANGE"
"C:\Users\sydne\OneDrive\myprojectx - Copy\_archive\tests\test_0030_pattern1_exhaustion.py",".py","Test",4,"0030;FADE;LIQUIDITY;WINDOW"
"C:\Users\sydne\OneDrive\myprojectx - Copy\_archive\tests\test_0030_pattern3_two_step_fake.py",".py","Test",4,"0030;LIQUIDITY;RANGE;WINDOW"
"C:\Users\sydne\OneDrive\myprojectx - Copy\_archive\tests\test_1800_state1_comparison.py",".py","Test",4,"LIQUIDITY;ORB_SIZE;RANGE;WINDOW"
"C:\Users\sydne\OneDrive\myprojectx - Copy\_archive\tests\test_2300_proper_framework.py",".py","Test",4,"2300;LIQUIDITY;RANGE;WINDOW"
"C:\Users\sydne\OneDrive\myprojectx - Copy\_archive\tests\test_asia_london_early_exit.py",".py","Test",4,"ASIA;RANGE;SESSION;SWEEP"
"C:\Users\sydne\OneDrive\myprojectx - Copy\_archive\tests\test_delayed_entry_robustness.py",".py","Test",4,"0030;2300;FILTER;RANGE"
"C:\Users\sydne\OneDrive\myprojectx - Copy\_archive\tests\test_full_orb_target.py",".py","Test",4,"0030;2300;FILTER;ORB_SIZE"
"C:\Users\sydne\OneDrive\myprojectx - Copy\_archive\tests\test_orb_window_sensitivity.py",".py","Test",4,"0030;2300;FILTER;WINDOW"
"C:\Users\sydne\OneDrive\myprojectx - Copy\_archive\tests\test_structure_only_no_second_sweep.py",".py","Test",4,"ASIA;FILTER;SESSION;SWEEP"
"C:\Users\sydne\OneDrive\myprojectx - Copy\_archive\tests\test_volatility_regime_segmentation.py",".py","Test",4,"0030;2300;RANGE;VOLATILITY"
"C:\Users\sydne\OneDrive\myprojectx - Copy\_archive\tests\verify_anomaly_analysis.py",".py","Analysis",4,"0030;2300;FILTER;ORB_SIZE"
"C:\Users\sydne\OneDrive\myprojectx2\PHASE2A_PYTEST_CLEANUP.md",".md","Test",3,"0030;2300;NIGHT"
"C:\Users\sydne\OneDrive\myprojectx2\PHASE2_RESEARCH_RUNNER.md",".md","Unknown",3,"FILTER;GATE;WINDOW"
"C:\Users\sydne\OneDrive\myprojectx2\audits\attack_harness.py",".py","Unknown",3,"BIAS;CONDITION;REJECTION"
"C:\Users\sydne\OneDrive\myprojectx2\audits\step1a_gaps_transitions.py",".py","Unknown",3,"ASIA;RANGE;SESSION"
"C:\Users\sydne\OneDrive\myprojectx2\audits\step2a_time_assertions.py",".py","Unknown",3,"0030;2300;WINDOW"
"C:\Users\sydne\OneDrive\myprojectx2\audits\step2_feature_verification.py",".py","Feature Engineering",3,"ASIA;RANGE;SESSION"
"C:\Users\sydne\OneDrive\myprojectx2\data\outputs\MGC_filter_tests.csv",".csv","Filter",3,"0030;2300;FILTER"
"C:\Users\sydne\OneDrive\myprojectx2\data\outputs\NQ_filter_tests.csv",".csv","Filter",3,"0030;2300;FILTER"
"C:\Users\sydne\OneDrive\myprojectx2\data\outputs\research_1800_report.md",".md","Unknown",3,"FILTER;RANGE;SESSION"
"C:\Users\sydne\OneDrive\myprojectx2\docs\archive\CANONICAL_AUDIT_REPORT.md",".md","Audit",3,"EXTENDED;NIGHT;WINDOW"
"C:\Users\sydne\OneDrive\myprojectx2\docs\archive\ML_FINAL_SUMMARY.md",".md","Unknown",3,"BIAS;RANGE;SESSION"
"C:\Users\sydne\OneDrive\myprojectx2\docs\archive\ML_INTEGRATION_COMPLETE.md",".md","Unknown",3,"ORB_SIZE;RANGE;SESSION"
"C:\Users\sydne\OneDrive\myprojectx2\docs\guides\QUICK_START.md",".md","Unknown",3,"BIAS;FILTER;SESSION"
"C:\Users\sydne\OneDrive\myprojectx2\research\nq\analyze_nq_filters.py",".py","Filter",3,"0030;2300;FILTER"
"C:\Users\sydne\OneDrive\myprojectx2\research\scripts\optimize_rr.py",".py","Unknown",3,"0030;2300;ORB_SIZE"
"C:\Users\sydne\OneDrive\myprojectx2\tests\strategy_presentation\test_strategy_display_completeness.py",".py","Test",3,"2300;FILTER;RANGE"
"C:\Users\sydne\OneDrive\myprojectx2\tests\unit\test_config_generator.py",".py","Test",3,"0030;2300;FILTER"
"C:\Users\sydne\OneDrive\myprojectx2\tools\add_contextual_strategies.py",".py","Unknown",3,"ASIA;LIQUIDITY;SWEEP"
"C:\Users\sydne\OneDrive\myprojectx2\trading_app\market_hours_monitor.py",".py","Unknown",3,"ASIA;LIQUIDITY;SESSION"
"C:\Users\sydne\OneDrive\myprojectx2\trading_app\ml_dashboard.py",".py","Unknown",3,"ORB_SIZE;RANGE;SESSION"
"C:\Users\sydne\OneDrive\myprojectx2\trading_app\research_runner.py",".py","Unknown",3,"FILTER;VOLATILITY;WINDOW"
"C:\Users\sydne\OneDrive\myprojectx2\trading_app\setup_detector.py",".py","Setup/Config",3,"2300;FILTER;ORB_SIZE"
"C:\Users\sydne\OneDrive\myprojectx2\workflow\daily_update.py",".py","Unknown",3,"ASIA;RANGE;SESSION"
"C:\Users\sydne\OneDrive\myprojectx2\_archive\test_night_orbs_full_sl.py",".py","Test",3,"0030;2300;NIGHT"
"C:\Users\sydne\OneDrive\myprojectx - Copy\AUDIT_LOG_20260115_124054.txt",".txt","Audit",3,"0030;2300;RANGE"
"C:\Users\sydne\OneDrive\myprojectx - Copy\backtest_orb_exec_5mhalfsl.py",".py","Backtest",3,"0030;2300;ASIA"
"C:\Users\sydne\OneDrive\myprojectx - Copy\daily_update.py",".py","Unknown",3,"ASIA;RANGE;SESSION"
"C:\Users\sydne\OneDrive\myprojectx - Copy\FIND_FREQUENT_HIGH_RR.py",".py","Unknown",3,"ASIA;ORB_SIZE;RANGE"
"C:\Users\sydne\OneDrive\myprojectx - Copy\QUICK_START.md",".md","Unknown",3,"BIAS;FILTER;SESSION"
"C:\Users\sydne\OneDrive\myprojectx - Copy\test_night_orbs_full_sl.py",".py","Test",3,"0030;2300;NIGHT"
"C:\Users\sydne\OneDrive\myprojectx - Copy\NQ\analyze_nq_filters.py",".py","Filter",3,"0030;2300;FILTER"
"C:\Users\sydne\OneDrive\myprojectx - Copy\outputs\NQ_filter_tests.csv",".csv","Filter",3,"0030;2300;FILTER"
"C:\Users\sydne\OneDrive\myprojectx - Copy\outputs\research_1800_report.md",".md","Unknown",3,"FILTER;RANGE;SESSION"
"C:\Users\sydne\OneDrive\myprojectx - Copy\scripts\optimize_rr.py",".py","Unknown",3,"0030;2300;ORB_SIZE"
"C:\Users\sydne\OneDrive\myprojectx - Copy\_archive\backtest_old\backtest_orb_exec_5mhalfsl_COMPARE.py",".py","Backtest",3,"0030;2300;ASIA"
"C:\Users\sydne\OneDrive\myprojectx - Copy\_archive\backtest_old\backtest_orb_exec_5mhalfsl_nomax.py",".py","Backtest",3,"0030;2300;ASIA"
"C:\Users\sydne\OneDrive\myprojectx - Copy\_archive\experiments\analyze_all_sessions_modelb_baseline.py",".py","Analysis",3,"0030;2300;SESSION"
"C:\Users\sydne\OneDrive\myprojectx - Copy\_archive\experiments\analyze_cascade_timing.py",".py","Analysis",3,"RANGE;SESSION;SWEEP"
"C:\Users\sydne\OneDrive\myprojectx - Copy\_archive\experiments\analyze_execution_grid_all_sessions.py",".py","Analysis",3,"0030;2300;SESSION"
"C:\Users\sydne\OneDrive\myprojectx - Copy\_archive\experiments\analyze_orb_structure.py",".py","Analysis",3,"0030;2300;REJECTION"
"C:\Users\sydne\OneDrive\myprojectx - Copy\_archive\experiments\analyze_robustness_results.py",".py","Analysis",3,"FADE;SESSION;SWEEP"
"C:\Users\sydne\OneDrive\myprojectx - Copy\_archive\experiments\compare_old_vs_new_modelb.py",".py","Unknown",3,"0030;2300;SESSION"
"C:\Users\sydne\OneDrive\myprojectx - Copy\_archive\experiments\compare_winners_filters.py",".py","Filter",3,"0030;FILTER;SESSION"
"C:\Users\sydne\OneDrive\myprojectx - Copy\_archive\experiments\review_all_discovered_edges.py",".py","Edge Discovery",3,"0030;2300;WINDOW"
"C:\Users\sydne\OneDrive\myprojectx - Copy\_archive\legacy\backfill_databento_range.py",".py","Unknown",3,"FILTER;RANGE;SESSION"
"C:\Users\sydne\OneDrive\myprojectx - Copy\_archive\legacy\_mpl_validation.py",".py","Validation",3,"0030;2300;BIAS"
"C:\Users\sydne\OneDrive\myprojectx - Copy\_archive\notes\000_READ_ME_FIRST.txt",".txt","Unknown",3,"BIAS;LIQUIDITY;OVERNIGHT"
"C:\Users\sydne\OneDrive\myprojectx - Copy\_archive\notes\anomaly_analysis_results.txt",".txt","Analysis",3,"0030;2300;CONDITION"
"C:\Users\sydne\OneDrive\myprojectx - Copy\_archive\notes\cleanup.txt",".txt","Unknown",3,"ASIA;NIGHT;SESSION"
"C:\Users\sydne\OneDrive\myprojectx - Copy\_archive\notes\CORRECTED_CONFIG_PY_BLOCK.txt",".txt","Unknown",3,"0030;2300;NIGHT"
"C:\Users\sydne\OneDrive\myprojectx - Copy\_archive\notes\FINAL_GRID_SEARCH_REPORT.txt",".txt","Unknown",3,"0030;2300;SESSION"
"C:\Users\sydne\OneDrive\myprojectx - Copy\_archive\notes\fixed_results_analysis.txt",".txt","Analysis",3,"FADE;SESSION;SWEEP"
"C:\Users\sydne\OneDrive\myprojectx - Copy\_archive\notes\london_comprehensive_results.txt",".txt","Unknown",3,"ASIA;RANGE;SESSION"
"C:\Users\sydne\OneDrive\myprojectx - Copy\_archive\notes\london_test_results.txt",".txt","Test",3,"ASIA;FADE;SESSION"
"C:\Users\sydne\OneDrive\myprojectx - Copy\_archive\notes\NQPORT.txt",".txt","Unknown",3,"ASIA;RANGE;SESSION"
"C:\Users\sydne\OneDrive\myprojectx - Copy\_archive\reports\ASIA_ORB_CORRELATION_REPORT.md",".md","Unknown",3,"ASIA;FILTER;NIGHT"
"C:\Users\sydne\OneDrive\myprojectx - Copy\_archive\reports\ASIA_PROP_SAFETY_REPORT.md",".md","Unknown",3,"ASIA;OVERNIGHT;SESSION"
"C:\Users\sydne\OneDrive\myprojectx - Copy\_archive\reports\AUDIT_SUMMARY.md",".md","Audit",3,"FILTER;OVERNIGHT;SESSION"
"C:\Users\sydne\OneDrive\myprojectx - Copy\_archive\reports\BACKFILL_INSTRUCTIONS.md",".md","Unknown",3,"ASIA;OVERNIGHT;RANGE"
"C:\Users\sydne\OneDrive\myprojectx - Copy\_archive\reports\CASCADE_QUICK_REFERENCE.md",".md","Unknown",3,"ASIA;SWEEP;WINDOW"
"C:\Users\sydne\OneDrive\myprojectx - Copy\_archive\reports\CODEBASE_CLEANUP_AUDIT.md",".md","Audit",3,"ASIA;NIGHT;SWEEP"
"C:\Users\sydne\OneDrive\myprojectx - Copy\_archive\reports\CORRECTED_PERFORMANCE_SUMMARY.md",".md","Unknown",3,"0030;2300;FILTER"
"C:\Users\sydne\OneDrive\myprojectx - Copy\_archive\reports\FINAL_CLEANUP_REPORT_2026-01-14.md",".md","Unknown",3,"0030;2300;FILTER"
"C:\Users\sydne\OneDrive\myprojectx - Copy\_archive\reports\HALF_SL_IMPLEMENTATION_COMPLETE.md",".md","Unknown",3,"0030;2300;RANGE"
"C:\Users\sydne\OneDrive\myprojectx - Copy\_archive\reports\HARD_CLEANUP_EXECUTION_PLAN.md",".md","Unknown",3,"BIAS;FILTER;NIGHT"
"C:\Users\sydne\OneDrive\myprojectx - Copy\_archive\reports\LONDON_BEST_SETUPS.md",".md","Setup/Config",3,"ASIA;FILTER;RANGE"
"C:\Users\sydne\OneDrive\myprojectx - Copy\_archive\reports\ORB_OUTCOME_MOMENTUM.md",".md","Unknown",3,"ASIA;LIQUIDITY;SESSION"
"C:\Users\sydne\OneDrive\myprojectx - Copy\_archive\reports\OVERNIGHT_BACKFILL_SUMMARY.md",".md","Unknown",3,"ASIA;OVERNIGHT;RANGE"
"C:\Users\sydne\OneDrive\myprojectx - Copy\_archive\reports\OVERNIGHT_PLAN.md",".md","Unknown",3,"BIAS;OVERNIGHT;RANGE"
"C:\Users\sydne\OneDrive\myprojectx - Copy\_archive\reports\ROBUSTNESS_TESTING_README.md",".md","Test",3,"FILTER;OVERNIGHT;SESSION"
"C:\Users\sydne\OneDrive\myprojectx - Copy\_archive\scripts\build_daily_features_v3_modelb.py",".py","Feature Engineering",3,"ORB_SIZE;RANGE;WINDOW"
"C:\Users\sydne\OneDrive\myprojectx - Copy\_archive\scripts\combine_best_configs_with_states.py",".py","Unknown",3,"0030;2300;SESSION"
"C:\Users\sydne\OneDrive\myprojectx - Copy\_archive\scripts\create_v3_modelb_views.py",".py","Unknown",3,"0030;2300;ORB_SIZE"
"C:\Users\sydne\OneDrive\myprojectx - Copy\_archive\scripts\create_v_orb_trades_half.py",".py","Unknown",3,"0030;2300;ORB_SIZE"
"C:\Users\sydne\OneDrive\myprojectx - Copy\_archive\scripts\FINAL_SYSTEM_VERIFICATION.py",".py","Unknown",3,"0030;2300;FILTER"
"C:\Users\sydne\OneDrive\myprojectx - Copy\_archive\scripts\generate_robustness_report.py",".py","Unknown",3,"0030;2300;FILTER"
"C:\Users\sydne\OneDrive\myprojectx - Copy\_archive\scripts\identify_real_edges.py",".py","Edge Discovery",3,"0030;2300;FILTER"
"C:\Users\sydne\OneDrive\myprojectx - Copy\_archive\scripts\VERIFY_EXECUTION_LOGIC.py",".py","Unknown",3,"ORB_SIZE;OVERNIGHT;WINDOW"
"C:\Users\sydne\OneDrive\myprojectx - Copy\_archive\scripts\visualize_replay_example.py",".py","Unknown",3,"ORB_SIZE;RANGE;WINDOW"
"C:\Users\sydne\OneDrive\myprojectx - Copy\_archive\tests\sanity_check_day_state.py",".py","Unknown",3,"0030;2300;RANGE"
"C:\Users\sydne\OneDrive\myprojectx - Copy\_archive\tests\test_1800_all_states.py",".py","Test",3,"FILTER;LIQUIDITY;ORB_SIZE"
"C:\Users\sydne\OneDrive\myprojectx - Copy\_archive\tests\test_liquidity_robustness.py",".py","Test",3,"LIQUIDITY;RANGE;SWEEP"
"C:\Users\sydne\OneDrive\myprojectx - Copy\_archive\tests\test_london_to_next_asia.py",".py","Test",3,"ASIA;RANGE;SESSION"
"C:\Users\sydne\OneDrive\myprojectx - Copy\_archive\tests\test_rr_sensitivity.py",".py","Test",3,"0030;2300;FILTER"
"C:\Users\sydne\OneDrive\myprojectx - Copy\_archive\tests\test_slippage_impact.py",".py","Test",3,"0030;2300;RANGE"
"C:\Users\sydne\OneDrive\myprojectx - Copy\_archive\tests\test_winners_nofilters.py",".py","Filter",3,"0030;2300;FILTER"
"C:\Users\sydne\OneDrive\myprojectx - Copy\_archive\tests\verify_1800_deployment.py",".py","Unknown",3,"0030;2300;FILTER"
"C:\Users\sydne\OneDrive\myprojectx - Copy\_archive\tests\verify_cycle_date_logic.py",".py","Unknown",3,"0030;2300;RANGE"
"C:\Users\sydne\OneDrive\myprojectx - Copy\_archive\tests\verify_mpl_data_integrity.py",".py","Unknown",3,"BIAS;RANGE;SESSION"
"C:\Users\sydne\OneDrive\myprojectx - Copy\_INVALID_SCRIPTS_ARCHIVE\backtest_asia_orbs_current.py",".py","Backtest",3,"ASIA;FILTER;RANGE"
"C:\Users\sydne\OneDrive\myprojectx - Copy\_INVALID_SCRIPTS_ARCHIVE\backtest_asia_prop_safe.py",".py","Backtest",3,"ASIA;FILTER;RANGE"
"C:\Users\sydne\OneDrive\myprojectx - Copy\_INVALID_SCRIPTS_ARCHIVE\backtest_focused_winners.py",".py","Backtest",3,"0030;ASIA;RANGE"
"C:\Users\sydne\OneDrive\myprojectx - Copy\_INVALID_SCRIPTS_ARCHIVE\backtest_london_optimized.py",".py","Backtest",3,"ASIA;FILTER;RANGE"
"C:\Users\sydne\OneDrive\myprojectx2\analysis\query_features.py",".py","Feature Engineering",2,"ASIA;SESSION"
"C:\Users\sydne\OneDrive\myprojectx2\audits\example_attack_test.py",".py","Test",2,"CONDITION;ORB_SIZE"
"C:\Users\sydne\OneDrive\myprojectx2\data\exports\ALL_ORBS_EXTENDED_WINDOWS.csv",".csv","Unknown",2,"0030;2300"
"C:\Users\sydne\OneDrive\myprojectx2\data\exports\v2_edges_summary_20260111_191502.md",".md","Edge Discovery",2,"0030;2300"
"C:\Users\sydne\OneDrive\myprojectx2\data\outputs\MGC_baseline_backtest.csv",".csv","Backtest",2,"0030;2300"
"C:\Users\sydne\OneDrive\myprojectx2\data\outputs\MGC_rr_optimization.csv",".csv","Unknown",2,"0030;2300"
"C:\Users\sydne\OneDrive\myprojectx2\data\outputs\MPL_rr_optimization.csv",".csv","Unknown",2,"0030;2300"
"C:\Users\sydne\OneDrive\myprojectx2\data\outputs\NQ_baseline_backtest.csv",".csv","Backtest",2,"0030;2300"
"C:\Users\sydne\OneDrive\myprojectx2\data\outputs\NQ_rr_optimization.csv",".csv","Unknown",2,"0030;2300"
"C:\Users\sydne\OneDrive\myprojectx2\docs\archive\ORB_FIX_COMPLETE.md",".md","Unknown",2,"RANGE;WINDOW"
"C:\Users\sydne\OneDrive\myprojectx2\docs\guides\APP_USAGE_GUIDE.md",".md","Unknown",2,"BIAS;SESSION"
"C:\Users\sydne\OneDrive\myprojectx2\docs\guides\START_HERE.md",".md","Unknown",2,"BIAS;SESSION"
"C:\Users\sydne\OneDrive\myprojectx2\docs\technical\UPDATE_WORKFLOW.md",".md","Unknown",2,"FILTER;WINDOW"
"C:\Users\sydne\OneDrive\myprojectx2\ml\diagnose_ml.py",".py","Unknown",2,"ASIA;ORB_SIZE"
"C:\Users\sydne\OneDrive\myprojectx2\ml\training\model_configs.py",".py","Unknown",2,"FILTER;ORB_SIZE"
"C:\Users\sydne\OneDrive\myprojectx2\pipeline\backfill_databento_continuous.py",".py","Unknown",2,"RANGE;SESSION"
"C:\Users\sydne\OneDrive\myprojectx2\pipeline\backfill_databento_continuous_mpl.py",".py","Unknown",2,"RANGE;SESSION"
"C:\Users\sydne\OneDrive\myprojectx2\research\scripts\build_daily_features_mpl.py",".py","Feature Engineering",2,"RANGE;SESSION"
"C:\Users\sydne\OneDrive\myprojectx2\research\scripts\ingest_databento_dbn_mpl.py",".py","Unknown",2,"FILTER;RANGE"
"C:\Users\sydne\OneDrive\myprojectx2\research\scripts\ingest_databento_dbn_nq.py",".py","Unknown",2,"FILTER;RANGE"
"C:\Users\sydne\OneDrive\myprojectx2\tests\PHASE1_SUMMARY.md",".md","Unknown",2,"2300;RANGE"
"C:\Users\sydne\OneDrive\myprojectx2\tests\test_ai_source_lock.py",".py","Test",2,"2300;REJECTION"
"C:\Users\sydne\OneDrive\myprojectx2\tools\config_generator.py",".py","Unknown",2,"2300;FILTER"
"C:\Users\sydne\OneDrive\myprojectx2\trading_app\ai_assistant.py",".py","Unknown",2,"ASIA;SESSION"
"C:\Users\sydne\OneDrive\myprojectx2\trading_app\app_mobile.py",".py","Unknown",2,"ORB_SIZE;SESSION"
"C:\Users\sydne\OneDrive\myprojectx2\trading_app\cloud_mode.py",".py","Unknown",2,"RANGE;SESSION"
"C:\Users\sydne\OneDrive\myprojectx2\trading_app\render_intelligence.py",".py","Unknown",2,"ORB_SIZE;RANGE"
"C:\Users\sydne\OneDrive\myprojectx2\_archive\test_ml_integration.py",".py","Test",2,"ASIA;ORB_SIZE"
"C:\Users\sydne\OneDrive\myprojectx2\_archive\test_ml_integration_fixed.py",".py","Test",2,"ASIA;ORB_SIZE"
"C:\Users\sydne\OneDrive\myprojectx - Copy\ALL_ORBS_EXTENDED_WINDOWS.csv",".csv","Unknown",2,"0030;2300"
"C:\Users\sydne\OneDrive\myprojectx - Copy\ANALYZE_TOP10_ASIA.py",".py","Analysis",2,"ASIA;BIAS"
"C:\Users\sydne\OneDrive\myprojectx - Copy\backfill_databento_continuous.py",".py","Unknown",2,"RANGE;SESSION"
"C:\Users\sydne\OneDrive\myprojectx - Copy\backfill_databento_continuous_mpl.py",".py","Unknown",2,"RANGE;SESSION"
"C:\Users\sydne\OneDrive\myprojectx - Copy\PROJECT_STRUCTURE.md",".md","Unknown",2,"OVERNIGHT;SESSION"
"C:\Users\sydne\OneDrive\myprojectx - Copy\query_features.py",".py","Feature Engineering",2,"ASIA;SESSION"
"C:\Users\sydne\OneDrive\myprojectx - Copy\R_DEFINITION_UNIFIED.md",".md","Unknown",2,"ORB_SIZE;RANGE"
"C:\Users\sydne\OneDrive\myprojectx - Copy\WAKE_UP_PLATINUM_SUCCESS.txt",".txt","Unknown",2,"2300;RANGE"
"C:\Users\sydne\OneDrive\myprojectx - Copy\exports\v2_edges_summary_20260111_191502.md",".md","Edge Discovery",2,"0030;2300"
"C:\Users\sydne\OneDrive\myprojectx - Copy\outputs\MGC_baseline_backtest.csv",".csv","Backtest",2,"0030;2300"
"C:\Users\sydne\OneDrive\myprojectx - Copy\outputs\MGC_rr_optimization.csv",".csv","Unknown",2,"0030;2300"
"C:\Users\sydne\OneDrive\myprojectx - Copy\outputs\NQ_baseline_backtest.csv",".csv","Backtest",2,"0030;2300"
"C:\Users\sydne\OneDrive\myprojectx - Copy\outputs\NQ_rr_optimization.csv",".csv","Unknown",2,"0030;2300"
"C:\Users\sydne\OneDrive\myprojectx - Copy\scripts\build_daily_features_mpl.py",".py","Feature Engineering",2,"RANGE;SESSION"
"C:\Users\sydne\OneDrive\myprojectx - Copy\scripts\ingest_databento_dbn_mpl.py",".py","Unknown",2,"FILTER;RANGE"
"C:\Users\sydne\OneDrive\myprojectx - Copy\scripts\ingest_databento_dbn_nq.py",".py","Unknown",2,"FILTER;RANGE"
"C:\Users\sydne\OneDrive\myprojectx - Copy\_archive\backtest_old\baseline_orb_1m_halfsl.py",".py","Unknown",2,"ORB_SIZE;RANGE"
"C:\Users\sydne\OneDrive\myprojectx - Copy\_archive\experiments\analyze_asia_orb_structure.py",".py","Analysis",2,"ASIA;ORB_SIZE"
"C:\Users\sydne\OneDrive\myprojectx - Copy\_archive\experiments\analyze_edge_stability.py",".py","Edge Discovery",2,"0030;2300"
"C:\Users\sydne\OneDrive\myprojectx - Copy\_archive\experiments\analyze_loss_clustering.py",".py","Analysis",2,"0030;2300"
"C:\Users\sydne\OneDrive\myprojectx - Copy\_archive\experiments\compare_filtered_vs_nomax.py",".py","Filter",2,"0030;FILTER"
"C:\Users\sydne\OneDrive\myprojectx - Copy\_archive\experiments\investigate_failures.py",".py","Unknown",2,"SESSION;WINDOW"
"C:\Users\sydne\OneDrive\myprojectx - Copy\_archive\experiments\search_1800_low_rr.py",".py","Unknown",2,"RANGE;SWEEP"
"C:\Users\sydne\OneDrive\myprojectx - Copy\_archive\legacy\backfill_overnight.py",".py","Unknown",2,"OVERNIGHT;RANGE"
"C:\Users\sydne\OneDrive\myprojectx - Copy\_archive\legacy\orb_variants_overnight.py",".py","Unknown",2,"FILTER;OVERNIGHT"
"C:\Users\sydne\OneDrive\myprojectx - Copy\_archive\legacy\_legacy_build_daily_features.py",".py","Feature Engineering",2,"RANGE;WINDOW"
"C:\Users\sydne\OneDrive\myprojectx - Copy\_archive\legacy\_mpl_baseline_backtest.py",".py","Backtest",2,"0030;2300"
"C:\Users\sydne\OneDrive\myprojectx - Copy\_archive\notes\check_codes.txt",".txt","Unknown",2,"0030;2300"
"C:\Users\sydne\OneDrive\myprojectx - Copy\_archive\notes\lagged_features_test_results.txt",".txt","Feature Engineering",2,"0030;2300"
"C:\Users\sydne\OneDrive\myprojectx - Copy\_archive\notes\results_best_configs_states.txt",".txt","Unknown",2,"0030;2300"
"C:\Users\sydne\OneDrive\myprojectx - Copy\_archive\notes\results_grid_analysis.txt",".txt","Analysis",2,"0030;2300"
"C:\Users\sydne\OneDrive\myprojectx - Copy\_archive\reports\ACTUAL_1R_ANALYSIS.md",".md","Analysis",2,"0030;2300"
"C:\Users\sydne\OneDrive\myprojectx - Copy\_archive\reports\FINAL_STATUS.md",".md","Unknown",2,"FILTER;OVERNIGHT"
"C:\Users\sydne\OneDrive\myprojectx - Copy\_archive\reports\LOGIC_AUDIT_FINDINGS.md",".md","Audit",2,"FILTER;RANGE"
"C:\Users\sydne\OneDrive\myprojectx - Copy\_archive\reports\MODELB_REBUILD_README.md",".md","Unknown",2,"0030;OVERNIGHT"
"C:\Users\sydne\OneDrive\myprojectx - Copy\_archive\reports\NEXT_STEPS_AFTER_FIX.md",".md","Unknown",2,"FILTER;RANGE"
"C:\Users\sydne\OneDrive\myprojectx - Copy\_archive\reports\ORB_HALF_SL_EXAMPLE.md",".md","Unknown",2,"RANGE;SESSION"
"C:\Users\sydne\OneDrive\myprojectx - Copy\_archive\reports\TEMPORAL_STABILITY_PROOF.md",".md","Unknown",2,"BIAS;RANGE"
"C:\Users\sydne\OneDrive\myprojectx - Copy\_archive\results\all_trades_clustering.csv",".csv","Unknown",2,"0030;2300"
"C:\Users\sydne\OneDrive\myprojectx - Copy\_archive\results\canonical_session_parameters.csv",".csv","Unknown",2,"0030;2300"
"C:\Users\sydne\OneDrive\myprojectx - Copy\_archive\results\complete_orb_sweep_results_INVALID.csv",".csv","Unknown",2,"0030;2300"
"C:\Users\sydne\OneDrive\myprojectx - Copy\_archive\results\delayed_entry_results.csv",".csv","Unknown",2,"0030;2300"
"C:\Users\sydne\OneDrive\myprojectx - Copy\_archive\results\mgc_rr_sensitivity_realistic.csv",".csv","Unknown",2,"0030;2300"
"C:\Users\sydne\OneDrive\myprojectx - Copy\_archive\results\results_1m_by_session.csv",".csv","Unknown",2,"0030;2300"
"C:\Users\sydne\OneDrive\myprojectx - Copy\_archive\results\results_5m_exec_by_session.csv",".csv","Unknown",2,"0030;2300"
"C:\Users\sydne\OneDrive\myprojectx - Copy\_archive\results\results_5m_halfsl_by_session.csv",".csv","Unknown",2,"0030;2300"
"C:\Users\sydne\OneDrive\myprojectx - Copy\_archive\results\results_session_winners.csv",".csv","Unknown",2,"0030;2300"
"C:\Users\sydne\OneDrive\myprojectx - Copy\_archive\results\rr_sensitivity_results.csv",".csv","Unknown",2,"0030;2300"
"C:\Users\sydne\OneDrive\myprojectx - Copy\_archive\results\session_reality_check_results.csv",".csv","Unknown",2,"0030;2300"
"C:\Users\sydne\OneDrive\myprojectx - Copy\_archive\results\slippage_impact_results.csv",".csv","Unknown",2,"0030;2300"
"C:\Users\sydne\OneDrive\myprojectx - Copy\_archive\results\worst_case_parameters.csv",".csv","Unknown",2,"0030;2300"
"C:\Users\sydne\OneDrive\myprojectx - Copy\_archive\results\worst_case_sweep_results.csv",".csv","Unknown",2,"0030;2300"
"C:\Users\sydne\OneDrive\myprojectx - Copy\_archive\scripts\add_stop_risk_columns.py",".py","Unknown",2,"0030;2300"
"C:\Users\sydne\OneDrive\myprojectx - Copy\_archive\scripts\build_execution_grid_features.py",".py","Feature Engineering",2,"ORB_SIZE;RANGE"
"C:\Users\sydne\OneDrive\myprojectx - Copy\_archive\scripts\check_codes.py",".py","Unknown",2,"0030;2300"
"C:\Users\sydne\OneDrive\myprojectx - Copy\_archive\scripts\check_edge_states_by_orb.py",".py","Edge Discovery",2,"0030;2300"
"C:\Users\sydne\OneDrive\myprojectx - Copy\_archive\scripts\check_nq_features.py",".py","Feature Engineering",2,"0030;2300"
"C:\Users\sydne\OneDrive\myprojectx - Copy\_archive\scripts\collect_all_trades_temporal.py",".py","Unknown",2,"LIQUIDITY;RANGE"
"C:\Users\sydne\OneDrive\myprojectx - Copy\_archive\scripts\export_filtered_trades.py",".py","Filter",2,"RANGE;SESSION"
"C:\Users\sydne\OneDrive\myprojectx - Copy\_archive\scripts\find_1000_edge_states.py",".py","Edge Discovery",2,"FILTER;WINDOW"
"C:\Users\sydne\OneDrive\myprojectx - Copy\_archive\scripts\import_nq_dbn_recent.py",".py","Unknown",2,"FILTER;RANGE"
"C:\Users\sydne\OneDrive\myprojectx - Copy\_archive\scripts\init_orb_exec_results.py",".py","Unknown",2,"0030;2300"
"C:\Users\sydne\OneDrive\myprojectx - Copy\_archive\scripts\migrate_schema_multi_orb.py",".py","Unknown",2,"0030;2300"
"C:\Users\sydne\OneDrive\myprojectx - Copy\_archive\scripts\rebuild_nq_features_recent.py",".py","Feature Engineering",2,"0030;RANGE"
"C:\Users\sydne\OneDrive\myprojectx - Copy\_archive\scripts\run_nofilters_variants.py",".py","Filter",2,"FILTER;SESSION"
"C:\Users\sydne\OneDrive\myprojectx - Copy\_archive\scripts\view_results.py",".py","Unknown",2,"FILTER;SESSION"
"C:\Users\sydne\OneDrive\myprojectx - Copy\_archive\tests\audit_robustness_setup.py",".py","Setup/Config",2,"ASIA;FILTER"
"C:\Users\sydne\OneDrive\myprojectx - Copy\_archive\tests\sql_checks_half_sl.py",".py","Unknown",2,"ASIA;ORB_SIZE"
"C:\Users\sydne\OneDrive\myprojectx - Copy\_archive\tests\test_mgc_rr_sensitivity_realistic.py",".py","Test",2,"0030;2300"
"C:\Users\sydne\OneDrive\myprojectx - Copy\_archive\tests\validate_filtered_results.py",".py","Filter",2,"ASIA;FILTER"
"C:\Users\sydne\OneDrive\myprojectx - Copy\_archive\tests\verify_2300_state_c.py",".py","Unknown",2,"2300;LIQUIDITY"
"C:\Users\sydne\OneDrive\myprojectx - Copy\_archive\tests\verify_data_volume_increase.py",".py","Unknown",2,"0030;FILTER"
"C:\Users\sydne\OneDrive\myprojectx - Copy\_archive\tests\verify_entry_timing.py",".py","Unknown",2,"0030;2300"
"C:\Users\sydne\OneDrive\myprojectx - Copy\_archive\tests\verify_half_sl_mode.py",".py","Unknown",2,"ORB_SIZE;RANGE"
"C:\Users\sydne\OneDrive\myprojectx - Copy\_archive\tests\verify_r_normalized_mae_mfe.py",".py","Unknown",2,"ORB_SIZE;RANGE"
"C:\Users\sydne\OneDrive\myprojectx2\REPRODUCIBILITY_FIELDS_ADDED.md",".md","Unknown",1,"WINDOW"
"C:\Users\sydne\OneDrive\myprojectx2\secondlane.txt",".txt","Unknown",1,"GATE"
"C:\Users\sydne\OneDrive\myprojectx2\test_app_sync.py",".py","Test",1,"FILTER"
"C:\Users\sydne\OneDrive\myprojectx2\analysis\export_csv.py",".py","Unknown",1,"SESSION"
"C:\Users\sydne\OneDrive\myprojectx2\audits\step3_strategy_validation.py",".py","Validation",1,"RANGE"
"C:\Users\sydne\OneDrive\myprojectx2\data\exports\DIRECTION_PREDICTION.csv",".csv","Unknown",1,"2300"
"C:\Users\sydne\OneDrive\myprojectx2\data\exports\MASSIVE_MOVERS.csv",".csv","Unknown",1,"ORB_SIZE"
"C:\Users\sydne\OneDrive\myprojectx2\data\outputs\NQ_DATA_AUDIT.md",".md","Audit",1,"RANGE"
"C:\Users\sydne\OneDrive\myprojectx2\docs\archive\SESSION_SUMMARY_JAN18.md",".md","Unknown",1,"SESSION"
"C:\Users\sydne\OneDrive\myprojectx2\docs\deployment\DEPLOY_TO_CLOUD.md",".md","Unknown",1,"FILTER"
"C:\Users\sydne\OneDrive\myprojectx2\docs\technical\MOTHERDUCK_MIGRATION_GUIDE.md",".md","Unknown",1,"RANGE"
"C:\Users\sydne\OneDrive\myprojectx2\ml\models\registry\directional_v1\v_20260117_022937\model.txt",".txt","Unknown",1,"ORB_SIZE"
"C:\Users\sydne\OneDrive\myprojectx2\ml\models\registry\directional_v1\v_20260117_023515\model.txt",".txt","Unknown",1,"ORB_SIZE"
"C:\Users\sydne\OneDrive\myprojectx2\ml\monitoring\outcome_logger.py",".py","Unknown",1,"ORB_SIZE"
"C:\Users\sydne\OneDrive\myprojectx2\ml\training\train_pipeline.py",".py","Unknown",1,"FILTER"
"C:\Users\sydne\OneDrive\myprojectx2\pipeline\backfill_range.py",".py","Unknown",1,"RANGE"
"C:\Users\sydne\OneDrive\myprojectx2\pipeline\check_db.py",".py","Unknown",1,"RANGE"
"C:\Users\sydne\OneDrive\myprojectx2\research\ede\ede_cli.py",".py","Unknown",1,"RANGE"
"C:\Users\sydne\OneDrive\myprojectx2\research\nq\compute_nq_atr.py",".py","Unknown",1,"ASIA"
"C:\Users\sydne\OneDrive\myprojectx2\research\scripts\audit_nq_data_integrity.py",".py","Audit",1,"RANGE"
"C:\Users\sydne\OneDrive\myprojectx2\tests\test_orb_temporal_consistency.py",".py","Test",1,"RANGE"
"C:\Users\sydne\OneDrive\myprojectx2\trading_app\ai_memory.py",".py","Unknown",1,"SESSION"
"C:\Users\sydne\OneDrive\myprojectx2\trading_app\data_quality_monitor.py",".py","Unknown",1,"RANGE"
"C:\Users\sydne\OneDrive\myprojectx2\trading_app\risk_manager.py",".py","Unknown",1,"RANGE"
"C:\Users\sydne\OneDrive\myprojectx2\trading_app\test_database_connections.py",".py","Test",1,"BIAS"
"C:\Users\sydne\OneDrive\myprojectx2\trading_app\test_dual_instruments.py",".py","Test",1,"FILTER"
"C:\Users\sydne\OneDrive\myprojectx2\trading_app\prompts\LOCKED_SYSTEM_PROMPT.txt",".txt","Unknown",1,"RANGE"
"C:\Users\sydne\OneDrive\myprojectx2\_archive\test_app_sync_from_strategies.py",".py","Test",1,"FILTER"
"C:\Users\sydne\OneDrive\myprojectx - Copy\AI_INTEGRATION_QUICK_START.txt",".txt","Unknown",1,"FILTER"
"C:\Users\sydne\OneDrive\myprojectx - Copy\backfill_range.py",".py","Unknown",1,"RANGE"
"C:\Users\sydne\OneDrive\myprojectx - Copy\BIG_MOVE_CONDITIONS.csv",".csv","Unknown",1,"ORB_SIZE"
"C:\Users\sydne\OneDrive\myprojectx - Copy\check_db.py",".py","Unknown",1,"RANGE"
"C:\Users\sydne\OneDrive\myprojectx - Copy\DIRECTION_PREDICTION.csv",".csv","Unknown",1,"2300"
"C:\Users\sydne\OneDrive\myprojectx - Copy\export_csv.py",".py","Unknown",1,"SESSION"
"C:\Users\sydne\OneDrive\myprojectx - Copy\MASSIVE_MOVERS.csv",".csv","Unknown",1,"ORB_SIZE"
"C:\Users\sydne\OneDrive\myprojectx - Copy\NIGHT_ORB_0030_half_EXTENDED.csv",".csv","Unknown",1,"0030"
"C:\Users\sydne\OneDrive\myprojectx - Copy\NIGHT_ORB_2300_half_EXTENDED.csv",".csv","Unknown",1,"2300"
"C:\Users\sydne\OneDrive\myprojectx - Copy\VALIDATE_UNICORNS.py",".py","Validation",1,"FILTER"
"C:\Users\sydne\OneDrive\myprojectx - Copy\NQ\compute_nq_atr.py",".py","Unknown",1,"ASIA"
"C:\Users\sydne\OneDrive\myprojectx - Copy\outputs\NQ_DATA_AUDIT.md",".md","Audit",1,"RANGE"
"C:\Users\sydne\OneDrive\myprojectx - Copy\scripts\audit_nq_data_integrity.py",".py","Audit",1,"RANGE"
"C:\Users\sydne\OneDrive\myprojectx - Copy\trading_app\test_dual_instruments.py",".py","Test",1,"FILTER"
"C:\Users\sydne\OneDrive\myprojectx - Copy\_archive\experiments\0900_quick_diagnostic.py",".py","Unknown",1,"BIAS"
"C:\Users\sydne\OneDrive\myprojectx - Copy\_archive\experiments\analyze_1800_buffer_results.py",".py","Analysis",1,"FILTER"
"C:\Users\sydne\OneDrive\myprojectx - Copy\_archive\experiments\analyze_all_variants.py",".py","Analysis",1,"FILTER"
"C:\Users\sydne\OneDrive\myprojectx - Copy\_archive\experiments\analyze_asia_orb_correlations.py",".py","Analysis",1,"ASIA"
"C:\Users\sydne\OneDrive\myprojectx - Copy\_archive\experiments\analyze_liquidity_distribution.py",".py","Analysis",1,"LIQUIDITY"
"C:\Users\sydne\OneDrive\myprojectx - Copy\_archive\experiments\analyze_optimal_rr.py",".py","Analysis",1,"RANGE"
"C:\Users\sydne\OneDrive\myprojectx - Copy\_archive\experiments\compare_common_configs.py",".py","Unknown",1,"FILTER"
"C:\Users\sydne\OneDrive\myprojectx - Copy\_archive\experiments\investigate_buffer_logic.py",".py","Unknown",1,"FILTER"
"C:\Users\sydne\OneDrive\myprojectx - Copy\_archive\legacy\backfill_overnight_2020_2023.py",".py","Unknown",1,"OVERNIGHT"
"C:\Users\sydne\OneDrive\myprojectx - Copy\_archive\legacy\orb_calculations.py",".py","Unknown",1,"ORB_SIZE"
"C:\Users\sydne\OneDrive\myprojectx - Copy\_archive\notes\asia_orb_correlation_results.txt",".txt","Unknown",1,"ASIA"
"C:\Users\sydne\OneDrive\myprojectx - Copy\_archive\notes\mpl_analysis_output.txt",".txt","Analysis",1,"RANGE"
"C:\Users\sydne\OneDrive\myprojectx - Copy\_archive\notes\QUICK_START_MPL.txt",".txt","Unknown",1,"LIQUIDITY"
"C:\Users\sydne\OneDrive\myprojectx - Copy\_archive\notes\results_grid_build.txt",".txt","Unknown",1,"RANGE"
"C:\Users\sydne\OneDrive\myprojectx - Copy\_archive\notes\ROBUSTNESS_SYSTEM_SUMMARY.txt",".txt","Unknown",1,"FILTER"
"C:\Users\sydne\OneDrive\myprojectx - Copy\_archive\notes\START_HERE_OVERNIGHT.txt",".txt","Unknown",1,"OVERNIGHT"
"C:\Users\sydne\OneDrive\myprojectx - Copy\_archive\reports\AUDIT_REPORT.md",".md","Audit",1,"RANGE"
"C:\Users\sydne\OneDrive\myprojectx - Copy\_archive\reports\BATCH_FIX_SUMMARY.md",".md","Unknown",1,"CONDITION"
"C:\Users\sydne\OneDrive\myprojectx - Copy\_archive\reports\HARD_CLEANUP_FINAL_SUMMARY.md",".md","Unknown",1,"FILTER"
"C:\Users\sydne\OneDrive\myprojectx - Copy\_archive\reports\SCHEMA_MIGRATION_COMPLETE.md",".md","Unknown",1,"0030"
"C:\Users\sydne\OneDrive\myprojectx - Copy\_archive\results\1800_state1_reaction_results.csv",".csv","Unknown",1,"ORB_SIZE"
"C:\Users\sydne\OneDrive\myprojectx - Copy\_archive\results\filtered_trades_summary.csv",".csv","Filter",1,"SESSION"
"C:\Users\sydne\OneDrive\myprojectx - Copy\_archive\scripts\check_final_status.py",".py","Unknown",1,"RANGE"
"C:\Users\sydne\OneDrive\myprojectx - Copy\_archive\scripts\find_1000_edges_relaxed.py",".py","Edge Discovery",1,"WINDOW"
"C:\Users\sydne\OneDrive\myprojectx - Copy\_archive\scripts\find_1800_edge_states.py",".py","Edge Discovery",1,"WINDOW"
"C:\Users\sydne\OneDrive\myprojectx - Copy\_archive\scripts\import_platinum_csv.py",".py","Unknown",1,"RANGE"
"C:\Users\sydne\OneDrive\myprojectx - Copy\_archive\scripts\overnight_backfill.py",".py","Unknown",1,"WINDOW"
"C:\Users\sydne\OneDrive\myprojectx - Copy\_archive\scripts\rr_query.py",".py","Unknown",1,"FILTER"
"C:\Users\sydne\OneDrive\myprojectx - Copy\_archive\scripts\rr_summary.py",".py","Unknown",1,"FILTER"
"C:\Users\sydne\OneDrive\myprojectx - Copy\_archive\scripts\track_cascade_exits.py",".py","Unknown",1,"RANGE"
"C:\Users\sydne\OneDrive\myprojectx - Copy\_archive\scripts\visualize_buffer_effect.py",".py","Unknown",1,"RANGE"
"C:\Users\sydne\OneDrive\myprojectx - Copy\_archive\tests\audit_pipeline.py",".py","Audit",1,"RANGE"
"C:\Users\sydne\OneDrive\myprojectx - Copy\_archive\tests\test_1800_buffer_sweep.py",".py","Test",1,"SWEEP"
"C:\Users\sydne\OneDrive\myprojectx - Copy\_archive\tests\test_temporal_stability.py",".py","Test",1,"LIQUIDITY"
"C:\Users\sydne\OneDrive\myprojectx - Copy\_archive\tests\validate_buffer_logic.py",".py","Validation",1,"RANGE"
"C:\Users\sydne\OneDrive\myprojectx - Copy\_archive\tests\verify_baseline_from_db.py",".py","Unknown",1,"ASIA"
"C:\Users\sydne\OneDrive\myprojectx - Copy\_archive\tests\verify_half_sl_risk_calculation.py",".py","Unknown",1,"ORB_SIZE"
"C:\Users\sydne\OneDrive\myprojectx - Copy\_archive\tests\verify_mae_mfe_v2.py",".py","Unknown",1,"RANGE"
"C:\Users\sydne\OneDrive\myprojectx - Copy\_archive\tests\verify_modelb_results.py",".py","Unknown",1,"ORB_SIZE"
"C:\Users\sydne\OneDrive\myprojectx - Copy\_archive\tests\verify_orb_anchored_tp.py",".py","Unknown",1,"ORB_SIZE"
"C:\Users\sydne\OneDrive\myprojectx - Copy\_archive\tests\verify_tp_anchoring.py",".py","Unknown",1,"RANGE"
